1	0	τῶ	DET	S-	Case=Dat|Definite=Def|Gender=Masc|Number=Sing|PronType=Dem	ὁ	det	1
1	1	καλάθω	NOUN	Nb	Case=Dat|Gender=Masc|Number=Sing	καλάσχω	obl	2
1	2	κατιόντος	VERB	V-	Case=Gen|Gender=Masc|Number=Sing|Tense=Pres|VerbForm=Part|Voice=Act	κάτειμι	advcl	3
1	3	ἐπιφθέγξασθε	VERB	V-	Aspect=Perf|Mood=Imp|Number=Plur|Person=2|Tense=Past|VerbForm=Fin|Voice=Mid	ἐπιφθέγξασθε	ROOT	3
1	4	,	PUNCT	Z		,	punct	3
1	5	γυναῖκες	NOUN	Nb	Case=Voc|Gender=Fem|Number=Plur	γυνή	vocative	6
1	6	,	PUNCT	Z		,	ROOT	6
2	0	Δάματερ	PROPN	Ne	Case=Voc|Gender=Masc|Number=Sing	Δημήτηρ	vocative	2
2	1	μέγα	ADJ	A-	Case=Acc|Degree=Pos|Gender=Neut|Number=Sing	μέγας	advmod	2
2	2	χαῖρε	VERB	V-	Mood=Imp|Number=Sing|Person=2|Tense=Pres|VerbForm=Fin|Voice=Act	χαίρω	ROOT	2
2	3	πολυτρόφε	ADJ	A-	Case=Voc|Degree=Pos|Gender=Masc|Number=Sing	πολυτρόφε	amod	4
2	4	πουλυμέδιμνε	PROPN	Ne	Case=Voc|Gender=Masc|Number=Sing	πουλυμέδιμνω	vocative	2
2	5	.	PUNCT	Z		.	punct	2
3	0	τὸν	DET	S-	Case=Acc|Definite=Def|Gender=Masc|Number=Sing|PronType=Dem	ὁ	det	1
3	1	κάλαθον	NOUN	Nb	Case=Acc|Gender=Masc|Number=Sing	κάλαθος	obj	4
3	2	κατιόντα	VERB	V-	Case=Acc|Gender=Masc|Number=Sing|Tense=Pres|VerbForm=Part|Voice=Act	κάτειμι	advcl	4
3	3	χαμαὶ	ADV	Df		χαμαί	advmod	2
3	4	θασεῖσθε	VERB	V-	Mood=Ind|Number=Plur|Person=2|Tense=Fut|VerbForm=Fin|Voice=Mid	θασέομαι	ROOT	4
3	5	βέβαλοι	VERB	V-	Aspect=Perf|Case=Nom|Gender=Masc|Number=Plur|Tense=Past|VerbForm=Part|Voice=Pass	βέβαλος	advcl	4
3	6	,	PUNCT	Z		,	punct	4
3	7	Schol.	PUNCT	Z		Schol.	ROOT	7
3	8	Plato	ADV	V-		Platoς	ROOT	8
3	9	,	PUNCT	Z		,	punct	8
3	10	Symp.	PUNCT	Z		Symp.	ROOT	10
3	11	218	CCONJ	C-		218	advmod	18
3	12	B	ADV	Df		B	advmod	18
3	13	καὶ	ADV	Df		καί	advmod	18
3	14	εἴ	SCONJ	G-		εἰ	mark	18
3	15	τις	DET	Px	Case=Nom|Gender=Fem,Masc|Number=Sing	τίς	det	16
3	16	ἄλλος	ADJ	A-	Case=Nom|Degree=Pos|Gender=Masc|Number=Sing	ἄλλος	nsubj	18
3	17	ἐστὶ	AUX	V-	Mood=Ind|Number=Sing|Person=3|Tense=Pres|VerbForm=Fin|Voice=Act	εἰμί	cop	18
3	18	βέβηλός	ADJ	A-	Case=Nom|Degree=Pos|Gender=Masc|Number=Sing	βέβηλος	advcl	27
3	19	τε	CCONJ	C-		τε	cc	18
3	20	καὶ	CCONJ	C-		καί	cc	18
3	21	ἄγροικος	ADJ	A-	Case=Nom|Degree=Pos|Gender=Masc|Number=Sing	ἄγροικος	conj	18
3	22	,	PUNCT	Z		,	punct	18
3	23	πύλας	NOUN	Nb	Case=Acc|Gender=Fem|Number=Plur	πύλη	obj	27
3	24	παμμεγάλας	ADJ	A-	Case=Acc|Degree=Pos|Gender=Fem|Number=Plur	παμμεγάλη	amod	23
3	25	τοῖς	DET	S-	Case=Dat|Definite=Def|Gender=Neut|Number=Plur|PronType=Dem	ὁ	det	26
3	26	ὠσὶν	NOUN	Nb	Case=Dat|Gender=Neut|Number=Plur	οὖς	obl	27
3	27	ἐπίθεσθε	VERB	V-	Mood=Imp|Number=Plur|Person=2|Tense=Pres|VerbForm=Fin|Voice=Mid	πείθω	ROOT	27
3	28	]	CCONJ	Z		]	advmod	27
3	29	ἐντεῦθεν	ADV	Df		ἐντεῦθεν	advmod	30
3	30	παρῴδησε	VERB	V-	Aspect=Perf|Mood=Ind|Number=Sing|Person=3|Tense=Past|VerbForm=Fin|Voice=Act	παρῴδησε	parataxis	27
3	31	Καλλίμαχος	PROPN	Ne	Case=Nom|Gender=Masc|Number=Sing	Καλλίμαχος	nsubj	30
3	32	ἐν	ADP	R-		ἐν	case	33
3	33	ὕμνῳ	NOUN	Nb	Case=Dat|Gender=Masc|Number=Sing	ὕμνος	obl	30
3	34	Δήμητρος	PROPN	Ne	Case=Gen|Gender=Fem|Number=Sing	Δημήτηρ	nmod	33
3	35	καλάθου	NOUN	Nb	Case=Gen|Gender=Masc|Number=Sing	καλάθης	appos	34
3	36	τὸ	DET	S-	Case=Acc|Definite=Def|Gender=Neut|Number=Sing|PronType=Dem	ὁ	det	37
3	37	θύρας	NOUN	Nb	Case=Acc|Gender=Fem|Number=Plur	θύρα	obj	39
3	38	δ’	ADV	Df		δ’	discourse	39
3	39	ἐπίθεσθε	VERB	V-	Aspect=Perf|Mood=Imp|Number=Plur|Person=2|Tense=Past|VerbForm=Fin|Voice=Mid	πείθω	dep	30
3	40	βέβηλοι	ADJ	A-	Case=Nom|Degree=Pos|Gender=Masc|Number=Plur	βέβηλος	vocative	27
3	41	.	PUNCT	Z		.	punct	27
4	0	μηδʼ	CCONJ	C-		μηδέ	cc	6
4	1	ἀπὸ	ADP	R-		ἀπό	case	3
4	2	τῶ	DET	S-	Case=Dat|Definite=Def|Gender=Masc,Neut|Number=Sing|PronType=Dem	ὁ	det	3
4	3	τέγεος	PROPN	Ne	Case=Dat|Gender=Neut|Number=Sing	τέγος	obl	6
4	4	μηδʼ	CCONJ	C-		μηδέ	cc	3
4	5	ὑψόθεν	ADV	Df		ὑψόθεν	conj	3
4	6	αὐγάσσησθε	VERB	V-	Aspect=Perf|Mood=Sub|Number=Plur|Person=2|Tense=Past|VerbForm=Fin|Voice=Mid	αὐγάσσησθε	ROOT	6
5	0	μὴ	ADV	Df	Polarity=Neg	μή	advmod	1
5	1	παῖς	NOUN	Nb	Case=Nom|Gender=Masc|Number=Sing	παῖς	ROOT	1
5	2	μηδὲ	CCONJ	C-		μηδέ	cc	1
5	3	γυνὰ	NOUN	Nb	Case=Nom|Gender=Fem|Number=Sing	γυνὰ	conj	1
5	4	μηδʼ	CCONJ	C-		μηδέ	cc	1
5	5	ἃ	PRON	Pr	Case=Nom|Gender=Fem|Number=Sing|PronType=Rel	ὅς	nsubj	6
5	6	κατεχεύατο	VERB	V-	Aspect=Imp|Mood=Ind|Number=Sing|Person=3|Tense=Past|VerbForm=Fin|Voice=Mid	καταχέω	conj	1
5	7	χαίταν	NOUN	Nb	Case=Acc|Gender=Fem|Number=Sing	χαίτη	obj	6
5	8	,	PUNCT	Z		,	ROOT	8
6	0	μηδʼ	CCONJ	C-		μηδέ	ROOT	0
6	1	ὅκʼ	ADV	G-	PronType=Rel	ὅκʼ	advmod	5
6	2	ἀφʼ	ADP	R-		ἀπό	case	4
6	3	αὑαλέων	ADJ	A-	Case=Gen|Degree=Pos|Number=Plur	αὑαλέω	amod	4
6	4	στομάτων	NOUN	Nb	Case=Gen|Gender=Neut|Number=Plur	στόμα	obl	5
6	5	πτύωμες	VERB	V-	Tense=Pres|VerbForm=Inf|Voice=Act	πτύωμες	dislocated	0
6	6	ἄπαστοι	ADJ	A-	Case=Nom|Degree=Pos|Gender=Masc|Number=Plur	ἄπαστος	advmod	5
6	7	.	PUNCT	Z		.	punct	0
7	0	ἕσπερος	NOUN	Nb	Case=Nom|Gender=Masc|Number=Sing	ἕσπερος	dislocated	3
7	1	ἐκ	ADP	R-		ἐκ	case	2
7	2	νεφέων	NOUN	Nb	Case=Gen|Gender=Masc|Number=Plur	νέφος	obl	3
7	3	ἐσκέψατο	VERB	V-	Aspect=Perf|Mood=Ind|Number=Sing|Person=3|Tense=Past|VerbForm=Fin|Voice=Mid	σκοπέω	ROOT	3
7	4	πανίκα	PRON	Pr	Case=Acc|Gender=Neut|Number=Plur|PronType=Rel	πανίκη	obj	5
7	5	νεῖται	VERB	Nb	Mood=Ind|Number=Sing|Person=3|Tense=Pres|VerbForm=Fin|Voice=Mid	νεῖμι	obj	3
7	6	,	PUNCT	Z		,	appos	2
8	0	ἕσπερος	NOUN	Nb	Case=Nom|Gender=Masc|Number=Sing	ἕσπερος	ROOT	0
8	1	,	PUNCT	Z	Aspect=Perf|Mood=Ind|Number=Sing|Person=3|Tense=Past|VerbForm=Fin|Voice=Act	,	nmod	0
8	2	ὅστε	PRON	Pr	Case=Nom|Gender=Masc|Number=Sing|PronType=Rel	ὅστε	nsubj	6
8	3	πιεῖν	VERB	V-	Aspect=Perf|Tense=Past|VerbForm=Inf|Voice=Act	πίνω	dep	6
8	4	Δαμάτερα	ADJ	A-	Case=Acc|Degree=Cmp|Gender=Neut|Number=Plur	Δαμάτερα	obj	6
8	5	μῶνος	ADJ	A-	Case=Nom|Degree=Pos|Gender=Masc|Number=Sing	μῶνος	advmod	6
8	6	ἔπεισεν	VERB	V-	Aspect=Perf|Mood=Ind|Number=Sing|Person=3|Tense=Past|VerbForm=Fin|Voice=Act	πείθω	dep	1
8	7	,	PUNCT	Z		,	orphan	0
9	0	ἁρπαγίμας	ADJ	A-	Case=Nom|Degree=Pos|Gender=Masc|Number=Sing	ἁρπαγίμα	ROOT	0
9	1	ὅκʼ	SCONJ	G-		ὅκʼ	mark	3
9	2	ἄπυστα	ADV	A-		ἄπυστος	advmod	3
9	3	μετέστιχεν	VERB	V-	Aspect=Perf|Mood=Ind|Number=Sing|Person=3|Tense=Past|VerbForm=Fin|Voice=Act	μετέστιχω	advcl	0
9	4	ἴχνια	NOUN	Nb	Case=Acc|Gender=Neut|Number=Plur	ἴχνιον	obj	3
9	5	κώρας	NOUN	Nb	Case=Acc|Gender=Masc|Number=Plur	κώρα	nmod	4
9	6	.	PUNCT	Z		.	ROOT	6
10	0	πότνια	PROPN	A-	Case=Voc|Gender=Fem|Number=Sing	πότνια	vocative	1
10	1	,	PUNCT	Z		,	ccomp	4
10	2	πῶς	ADV	Du	PronType=Int	πῶς	advmod	4
10	3	σε	PRON	Pp	Case=Acc|Gender=Masc|Number=Sing|Person=2|PronType=Prs	σύ	obj	4
10	4	δύναντο	VERB	V-	Aspect=Perf|Mood=Ind|Number=Plur|Person=3|Tense=Past|VerbForm=Fin|Voice=Mid	δύναμαι	ROOT	4
10	5	πόδες	NOUN	Nb	Case=Nom|Gender=Masc|Number=Plur	πούς	nsubj	4
10	6	φέρεν	VERB	V-	Aspect=Perf|Mood=Ind|Number=Sing|Person=3|Tense=Past|VerbForm=Fin|Voice=Act	φέρω	xcomp	4
10	7	ἔστʼ	CCONJ	Df		ἔστε	dep	4
10	8	ἐπὶ	ADP	R-		ἐπί	case	9
10	9	δυθμάς	NOUN	Nb	Case=Acc|Gender=Fem|Number=Plur	δυθμή	obl	7
10	10	,	PUNCT	Z		,	punct	4
11	0	ἔστʼ	ADP	R-		ἔστε	ROOT	0
11	1	ἐπὶ	ADP	R-		ἐπί	case	3
11	2	τὼς	ADV	S-		τώς	det	3
11	3	μέλανας	ADJ	A-	Case=Acc|Degree=Pos|Gender=Masc|Number=Plur	μέλας	obl	0
11	4	καὶ	CCONJ	C-		καί	cc	3
11	5	ὅπα	NOUN	Nb	Case=Acc|Gender=Neut|Number=Plur	ὅπη	conj	3
11	6	τὰ	DET	S-	Case=Acc|Definite=Def|Gender=Neut|Number=Plur|PronType=Dem	ὁ	det	7
11	7	χρύσεα	ADJ	A-	Case=Acc|Degree=Pos|Gender=Neut|Number=Plur	χρύσεος	nmod	5
11	8	μᾶλα	ADV	Df	Degree=Pos	μῆλον	advmod	5
11	9	;	PUNCT	Z	PronType=Int	;	nsubj	0
12	0	οὐ	ADV	Df	Polarity=Neg	οὐ	advmod	1
12	1	πίες	VERB	V-	Mood=Ind|Number=Sing|Person=2|Tense=Fut|VerbForm=Fin|Voice=Act	πίες	ROOT	1
12	2	οὔτʼ	CCONJ	C-		οὔτε	cc	1
12	3	ἄρʼ	ADV	Df		ἄρα	discourse	4
12	4	ἔδες	VERB	V-	Aspect=Perf|Mood=Ind|Number=Sing|Person=2|Tense=Past|VerbForm=Fin|Voice=Act	ἔυς	conj	1
12	5	τῆνον	DET	A-	Case=Acc|Gender=Masc|Number=Sing	τῆνος	det	6
12	6	χρόνον	NOUN	Nb	Case=Acc|Gender=Masc|Number=Sing	χρόνος	obl	4
12	7	οὐδὲ	CCONJ	C-		οὐδέ	cc	4
12	8	λοέσσα	VERB	V-	Aspect=Perf|Mood=Ind|Number=Sing|Person=2|Tense=Past|VerbForm=Fin|Voice=Mid	λοέσσα	conj	4
12	9	.	PUNCT	Z		.	punct	1
13	0	τρὶς	ADV	Df		τρίς	advmod	3
13	1	μὲν	ADV	Df		μέν	discourse	3
13	2	δὴ	ADV	Df		δή	discourse	3
13	3	διέβας	VERB	V-	Aspect=Perf|Mood=Ind|Number=Sing|Person=2|Tense=Past|VerbForm=Fin|Voice=Act	διέβας	ROOT	3
13	4	Ἀχελώιον	PROPN	Ne	Case=Acc|Gender=Masc|Number=Sing	Ἀχελώιος	obj	3
13	5	ἀργυροδίναν	ADJ	A-	Case=Acc|Degree=Pos|Gender=Masc|Number=Sing	ἀργυροδίνα	amod	4
13	6	,	PUNCT	Z		,	punct	3
14	0	τοσσάκι	ADJ	Pd	Case=Dat|Gender=Fem|Number=Sing	τοσάκις	obl	4
14	1	δʼ	ADV	Df		δέ	discourse	4
14	2	ἀενάων	ADJ	A-	Case=Gen|Degree=Pos|Gender=Masc|Number=Plur	ἀέναος	amod	3
14	3	ποταμῶν	NOUN	Nb	Case=Gen|Gender=Masc|Number=Plur	ποταμός	nmod	5
14	4	ἐπέρασας	VERB	V-	Aspect=Perf|Mood=Ind|Number=Sing|Person=2|Tense=Past|VerbForm=Fin|Voice=Act	ἐπέραω	ROOT	4
14	5	ἕκαστον	ADJ	A-	Case=Acc|Degree=Pos|Gender=Masc|Number=Sing	ἕκαστος	obj	4
14	6	,	PUNCT	Z		,	punct	4
15	0	τρὶς	ADV	Df		τρίς	ROOT	0
15	1	δʼ	ADV	Df		δέ	discourse	0
15	2	ἐπὶ	ADP	R-		ἐπί	case	3
15	3	Καλλιχόρῳ	ADJ	A-	Case=Dat|Degree=Pos|Gender=Fem|Number=Sing	Καλλιχόρος	obl	0
15	4	τρὶς	ADV	Df		τρίς	orphan	7
15	5	δ	ADV	Df		ΑΒΓ	discourse	4
15	6	ἐπὶ	ADP	R-		ἐπί	case	7
15	7	καλλι	ADJ	A-	Case=Dat|Degree=Pos|Gender=Masc|Number=Sing	καλλι	dep	0
15	8	.	PUNCT	Z		.	punct	0
15	9	.	PUNCT	Z		.	ROOT	9
15	10	.	PUNCT	Z		.	punct	9
15	11	only	ADV	C-		only	ROOT	11
15	12	is	ADV	Df		is	ROOT	12
15	13	preserved	ADV	V-		preserved	advmod	12
15	14	in	ADV	Df		in	parataxis	12
15	15	A	ADV	Df		A	dep	12
15	16	;	PUNCT	Z		;	vocative	12
15	17	the	ADV	Df		the	dep	12
15	18	lacuna	ADV	Df		lacuna	dislocated	12
15	19	is	ADV	Df		is	dep	12
15	20	supplied	ADV	Nb		supplied	dep	12
15	21	in	ADV	Nb		in	dep	12
15	22	F	ADV	Df		F	dep	12
15	23	and	ADV	Df		and	dep	12
15	24	late	ADV	Df		late	dep	12
15	25	MSS.	PUNCT	Z		MSS.	punct	12
15	26	χαμάδις	ADV	Df		χαμάδις	advmod	27
15	27	ἐκαθίσσαο	VERB	V-	Mood=Ind|Number=Sing|Person=3|Tense=Pqp|VerbForm=Fin|Voice=Mid	ἐκαθίσσαο	ROOT	27
15	28	φρητί	NOUN	Nb		φρατί	obl	27
16	0	αὐσταλέα	ADJ	A-	Case=Acc|Degree=Pos|Gender=Neut|Number=Plur	αὐσταλεύς	ROOT	0
16	1	ἄποτός	ADJ	A-	Case=Nom|Degree=Pos|Gender=Masc|Number=Sing	ἄποτος	ROOT	1
16	2	τε	CCONJ	C-		τε	cc	1
16	3	καὶ	CCONJ	C-		καί	cc	1
16	4	οὐ	ADV	Df	Polarity=Neg	οὐ	advmod	5
16	5	φάγες	VERB	V-	Mood=Ind|Number=Sing|Person=2|Tense=Fut|VerbForm=Fin|Voice=Act	φάξ	conj	1
16	6	οὐδὲ	CCONJ	C-		οὐδέ	cc	1
16	7	λοέσσα	VERB	V-	Mood=Imp|Number=Sing|Person=2|Tense=Pres|VerbForm=Fin|Voice=Act	λοέσσα	conj	1
16	8	.	PUNCT	Z		.	punct	1
17	0	μὴ	ADV	Df	Polarity=Neg	μή	advmod	3
17	1	μὴ	ADV	Df	Polarity=Neg	μή	advmod	3
17	2	ταῦτα	ADJ	Pd	Case=Acc|Gender=Neut|Number=Plur	οὗτος	obj	3
17	3	λέγωμες	VERB	V-	Mood=Sub|Number=Plur|Person=1|Tense=Pres|VerbForm=Fin|Voice=Act	λέγωμες	ROOT	3
17	4	ἃ	PRON	Pr	Case=Acc|Gender=Neut|Number=Plur|PronType=Rel	ὅς	nsubj	6
17	5	δάκρυον	NOUN	Nb	Case=Acc|Gender=Neut|Number=Sing	δάκρυον	obj	6
17	6	ἄγαγε	VERB	V-	Aspect=Perf|Mood=Ind|Number=Sing|Person=3|Tense=Past|VerbForm=Fin|Voice=Act	ἄγω	acl	2
17	7	Δηοῖ	VERB	V-	Aspect=Perf|Mood=Opt|Number=Sing|Person=3|Tense=Past|VerbForm=Fin|Voice=Act	Δηοῖ	acl	2
17	8	·	PUNCT	Z		·	punct	3
18	0	κάλλιον	ADJ	A-	Case=Acc|Degree=Cmp|Gender=Neut|Number=Sing	καλός	ROOT	0
18	1	,	PUNCT	Z		,	punct	0
18	2	ὡς	ADV	Df		ὡς	advmod	4
18	3	πολίεσσιν	NOUN	Nb	Case=Dat|Gender=Masc|Number=Plur	πόλις	iobj	4
18	4	ἑαδότα	ADJ	A-	Case=Acc|Degree=Pos|Gender=Neut|Number=Plur	ἁνδάνω	ROOT	4
18	5	πτολίεσσιν	NOUN	Nb	Case=Dat|Gender=Neut|Number=Plur	πτολίεσσις	iobj	4
18	6	ἑα	ADJ	A-	Case=Acc|Degree=Pos|Gender=Neut|Number=Plur	ἑα	dep	4
18	7	.	PUNCT	Z		.	punct	4
18	8	.	PUNCT	Z		.	ROOT	8
18	9	.	PUNCT	Z		.	punct	8
18	10	A	INTJ	I-		A	ROOT	10
18	11	;	PUNCT	Z	PronType=Int	;	ROOT	11
18	12	lacuna	ADV	Df		lacuna	ROOT	12
18	13	supplied	ADV	Df		supplied	advmod	12
18	14	in	ADV	Nb		in	advmod	12
18	15	F.	PUNCT	Z		F.	punct	12
18	16	τέθμια	ADJ	A-	Case=Acc|Degree=Pos|Gender=Neut|Number=Plur	τέθμιος	obj	17
18	17	δῶκε	VERB	V-	Aspect=Perf|Mood=Ind|Number=Sing|Person=3|Tense=Past|VerbForm=Fin|Voice=Act	δίδωμι	ROOT	17
18	18	·	PUNCT	Z		·	punct	17
19	0	κάλλιον	ADJ	A-	Case=Acc|Degree=Cmp|Gender=Neut|Number=Sing	καλός	ROOT	0
19	1	,	PUNCT	Z	Case=Acc|Gender=Neut|Number=Plur	,	advmod	0
19	2	ὡς	ADV	Dq		ὡς	advmod	3
19	3	καλάμαν	NOUN	Nb	Case=Acc|Gender=Fem|Number=Sing	καλάμαν	ROOT	3
19	4	τε	CCONJ	C-		τε	cc	3
19	5	καὶ	CCONJ	C-		καί	cc	3
19	6	ἱερὰ	ADJ	A-	Case=Acc|Degree=Pos|Gender=Neut|Number=Plur	ἱερός	amod	7
19	7	δράγματα	NOUN	Nb	Case=Acc|Gender=Neut|Number=Plur	δράγμα	conj	3
19	8	πράτα	ADJ	Mo	Case=Acc|Gender=Neut|Number=Plur	πράτης	dep	3
20	0	ἀσταχύων	NOUN	Nb	Case=Gen|Gender=Masc|Number=Plur	ἄσταχυς	nmod	1
20	1	ἀπέκοψε	VERB	V-	Aspect=Perf|Mood=Ind|Number=Sing|Person=3|Tense=Past|VerbForm=Fin|Voice=Act	ἀποκόπτω	ROOT	1
20	2	καὶ	CCONJ	C-		καί	cc	1
20	3	ἐν	NUM	Ma	Case=Acc|Gender=Neut|Number=Sing	ἐν	dep	5
20	4	βόας	NOUN	Nb	Case=Acc|Gender=Masc|Number=Plur	βοῦς	obj	5
20	5	ἧκε	VERB	V-	Aspect=Imp|Mood=Ind|Number=Sing|Person=3|Tense=Past|VerbForm=Fin|Voice=Act	ἥκω	conj	1
20	6	πατῆσαι	VERB	V-	Aspect=Perf|Tense=Past|VerbForm=Inf|Voice=Act	πατῆζω	advcl	5
20	7	,	PUNCT	Z		,	punct	1
21	0	ἁνίκα	SCONJ	Pr		ἡνίκα	discourse	3
21	1	Τριπτόλεμος	PROPN	Ne	Case=Nom|Gender=Masc|Number=Sing	Τριπτόλεμος	nsubj	3
21	2	ἀγαθὰν	ADJ	A-	Case=Acc|Degree=Pos|Gender=Fem|Number=Sing	ἀγαθά	amod	3
21	3	ἐδιδάσκετο	VERB	V-	Aspect=Imp|Mood=Ind|Number=Sing|Person=3|Tense=Past|VerbForm=Fin|Voice=Mid	διδάσκω	ROOT	3
21	4	τέχναν	VERB	V-	Tense=Pres|VerbForm=Inf|Voice=Act	τέχνα	xcomp	3
21	5	·	PUNCT	Z		·	punct	3
22	0	κάλλιον	ADJ	A-	Case=Nom|Degree=Cmp|Gender=Neut|Number=Sing	καλός	ROOT	0
22	1	,	PUNCT	Z		,	punct	0
22	2	ὡς	ADV	Df		ὡς	ROOT	2
22	3	,	PUNCT	Z		,	advmod	8
22	4	ἵνα	SCONJ	G-		ἵνα	mark	8
22	5	καί	ADV	Df		καί	advmod	8
22	6	τις	ADJ	Px	Case=Nom|Gender=Fem,Masc|Number=Sing	τίς	nsubj	8
22	7	ὑπερβασίας	NOUN	Nb	Case=Acc|Gender=Fem|Number=Plur	ὑπερβασία	obj	8
22	8	ὑπερβα	VERB	V-	Aspect=Perf|Mood=Sub|Number=Sing|Person=3|Tense=Past|VerbForm=Fin|Voice=Act	ὑπερβα	ROOT	8
22	9	.	PUNCT	Z		.	punct	8
22	10	.	PUNCT	Z		.	ROOT	10
22	11	.	PUNCT	Z		.	punct	10
22	12	A	INTJ	I-		A	ROOT	12
22	13	;	PUNCT	Z	PronType=Int	;	ROOT	13
22	14	lacuna	ADV	Du	PronType=Int	lacuna	ROOT	14
22	15	supplied	ADV	Df		supplied	advmod	14
22	16	in	ADV	Nb		in	parataxis	14
22	17	F	ADV	Nb		F	parataxis	14
22	18	etc.	PUNCT	Z		etc.	punct	14
22	19	ἀλέηται	NOUN	Nb	Case=Nom|Gender=Masc|Number=Plur	ἀλέηται	ROOT	19
22	20	,	PUNCT	Z		,	punct	19
23	0	π	ADV	Df		π	ROOT	0
23	1	ἰδέσθαι	VERB	V-	Aspect=Perf|Tense=Past|VerbForm=Inf|Voice=Mid	ὁράω	ROOT	1
23	2	π	ADV	Df		π	nsubj	1
23	3	.	PUNCT	Z		.	punct	1
23	4	.	PUNCT	Z		.	ROOT	4
23	5	.	PUNCT	Z		.	punct	4
23	6	A	INTJ	Pd		A	ROOT	6
23	7	;	PUNCT	Z	PronType=Int	;	appos	6
23	8	.	PUNCT	Z		.	punct	7
23	9	.	PUNCT	Z		.	punct	7
23	10	.	PUNCT	Z		.	punct	7
23	11	ἰδέσθαι	VERB	V-	Aspect=Perf|Tense=Past|VerbForm=Inf|Voice=Mid	ὁράω	ROOT	11
23	12	pd.	PUNCT	Z		pd.	punct	11
24	0	οὔπω	ADV	Df	Polarity=Neg	οὔπω	advmod	2
24	1	τὰν	DET	S-	Case=Acc|Definite=Def|Gender=Fem|Number=Sing|PronType=Dem	ὁ	det	2
24	2	Κνιδίαν	ADJ	A-	Case=Acc|Degree=Pos|Gender=Fem|Number=Sing	Κνιδία	obj	7
24	3	,	PUNCT	Z		,	punct	2
24	4	ἔτι	ADV	Df		ἔτι	advmod	7
24	5	Δώτιον	ADJ	A-	Case=Acc|Degree=Pos|Gender=Neut|Number=Sing	Δώτιον	amod	6
24	6	ἱρὸν	NOUN	Nb	Case=Acc|Gender=Neut|Number=Sing	ἱερόν	obj	7
24	7	ἔναιον	VERB	V-	Aspect=Imp|Mood=Ind|Number=Plur|Person=3|Tense=Past|VerbForm=Fin|Voice=Act	ναίω	ROOT	7
24	8	,	PUNCT	Z		,	amod	2
25	0	τὶν	PRON	Pi	Case=Acc|Gender=Masc|Number=Sing|PronType=Int	σύ	obl	4
25	1	δʼ	ADV	Df		δέ	dep	0
25	2	τὸν	DET	S-	Case=Acc|Definite=Def|Gender=Masc|Number=Sing|PronType=Dem	ὁ	conj	0
25	3	δ᾽	ADV	Df		δ᾽	dep	0
25	4	MSS.	VERB	V-	Aspect=Perf|Tense=Past|VerbForm=Inf|Voice=Act	MSS.	ROOT	4
25	5	;	PUNCT	Z		;	ROOT	5
25	6	τεῖδ᾽	X	Pi		τεῖδ᾽	ROOT	6
25	7	Schneider.	PUNCT	Z		Schneider.	punct	6
25	8	αὐτᾷ	DET	Pd	Case=Acc|Gender=Neut|Number=Plur	αὐτᾷ	det	10
25	9	καλὸν	ADJ	A-	Case=Acc|Degree=Pos|Gender=Neut|Number=Sing	καλός	amod	10
25	10	ἄλσος	NOUN	Nb	Case=Acc|Gender=Neut|Number=Sing	ἄλσος	obj	11
25	11	ἐποιήσαντο	VERB	V-	Aspect=Perf|Mood=Ind|Number=Plur|Person=3|Tense=Past|VerbForm=Fin|Voice=Mid	ποιέω	ROOT	11
25	12	Πελασγοὶ	NOUN	Nb	Case=Nom|Gender=Masc|Number=Plur	Πελασγός	nsubj	11
26	0	δένδρεσιν	NOUN	Nb	Case=Dat|Gender=Neut|Number=Plur	δένδρον	ROOT	0
26	1	ἀμφιλαές	ADJ	A-	Case=Nom|Degree=Pos|Gender=Neut|Number=Sing	ἀμφιλαές	ROOT	1
26	2	·	PUNCT	Z		·	ROOT	2
26	3	διά	ADV	Df		διά	advmod	6
26	4	κεν	ADV	Df		ἄν	advmod	6
26	5	μόλις	ADV	Df		μόλις	advmod	6
26	6	ἦνθεν	VERB	V-	Aspect=Perf|Mood=Ind|Number=Sing|Person=3|Tense=Past|VerbForm=Fin|Voice=Pass	ἦνθεν	ROOT	6
26	7	ὀιστός	NOUN	Nb	Case=Nom|Gender=Masc|Number=Sing	ὀϊστός	nsubj:pass	6
26	8	·	PUNCT	Z		·	punct	6
27	0	ἐν	NUM	Ma	Case=Nom|Gender=Neut|Number=Sing	ἐν	nummod	1
27	1	πίτυς	NOUN	Nb	Case=Nom|Gender=Fem|Number=Sing	πίτυς	ROOT	1
27	2	,	PUNCT	Z		,	punct	1
27	3	ἐν	ADP	R-		ἐν	case	6
27	4	μεγάλαι	ADJ	A-	Case=Nom|Degree=Pos|Gender=Fem|Number=Plur	μέγας	amod	5
27	5	πτελέαι	NOUN	Nb	Case=Nom|Gender=Fem|Number=Plur	πτελέα	nsubj	6
27	6	ἔσαν	AUX	V-	Aspect=Imp|Mood=Ind|Number=Plur|Person=3|Tense=Past|VerbForm=Fin|Voice=Act	εἰμί	ROOT	6
27	7	,	PUNCT	Z		,	ROOT	7
27	8	ἐν	ADV	Df		ἐν	ROOT	8
27	9	δὲ	ADV	Df		δέ	discourse	8
27	10	καὶ	ADV	Df		καί	advmod	11
27	11	ὄχναι	NOUN	Nb	Case=Nom|Gender=Fem|Number=Plur	ὄχνη	nsubj	8
27	12	,	PUNCT	Z		,	punct	8
28	0	ἐν	ADV	Df		ἐν	orphan	3
28	1	δὲ	ADV	Df		δέ	discourse	0
28	2	καλὰ	ADJ	A-	Case=Nom|Degree=Pos|Gender=Neut|Number=Plur	καλός	amod	3
28	3	γλυκύμαλα	ADJ	A-	Case=Nom|Degree=Pos|Gender=Neut|Number=Plur	γλυκύμαλον	ROOT	3
28	4	·	PUNCT	Z		·	punct	3
28	5	τὸ	DET	S-	Case=Nom|Definite=Def|Gender=Neut|Number=Sing|PronType=Dem	ὁ	det	6
28	6	δʼ	ADV	Df		δέ	ROOT	6
28	7	ὥστʼ	ADV	Df		ὥστε	amod	9
28	8	ἀλέκτρινον	ADJ	A-	Case=Acc|Degree=Pos|Gender=Neut|Number=Sing	ἀλέκτρινον	amod	9
28	9	ὕδωρ	NOUN	Nb	Case=Acc|Gender=Neut|Number=Sing	ὕδωρ	dep	6
29	0	ἐξ	ADP	R-		ἐκ	case	1
29	1	ἀμαρᾶν	NOUN	Nb	Case=Acc|Gender=Fem|Number=Sing	ἀμαράω	obl	2
29	2	ἀνέθυε	VERB	V-	Aspect=Imp|Mood=Ind|Number=Sing|Person=3|Tense=Past|VerbForm=Fin|Voice=Act	ἀνέθυε	ROOT	2
29	3	.	PUNCT	Z		.	punct	2
29	4	θεὰ	ADJ	A-	Case=Nom|Degree=Pos|Gender=Fem|Number=Sing	θεά	nsubj	6
29	5	δʼ	ADV	Df		δέ	discourse	6
29	6	ἐπεμαίνετο	VERB	V-	Aspect=Imp|Mood=Ind|Number=Sing|Person=3|Tense=Past|VerbForm=Fin|Voice=Mid	πεμαίνομαι	ROOT	6
29	7	χώρῳ	NOUN	Nb	Case=Dat|Gender=Masc|Number=Sing	χῶρος	iobj	6
30	0	ὅσσον	PRON	Pr	Case=Acc|Gender=Neut|Number=Sing|PronType=Rel	ὅσος	ROOT	0
30	1	Ἐλευσῖνι	PROPN	Ne	Case=Dat|Gender=Fem|Number=Sing	Ἐλευσίς	iobj	0
30	2	,	PUNCT	Z		,	ROOT	2
30	3	Τριόπῳ	NOUN	Ne	Case=Dat|Gender=Masc|Number=Sing	Τριόπῳ	ROOT	3
30	4	θʼ	CCONJ	C-		θ	cc	3
30	5	τριόπῳ	NOUN	Nb	Case=Dat|Gender=Masc|Number=Sing	τριόπος	conj	3
30	6	θ᾽	CCONJ	C-		θ᾽	cc	3
30	7	LM	ADV	Ne		LM	appos	3
30	8	;	PUNCT	Z		;	cc	3
30	9	Τριοπᾷδ᾽	PROPN	Ne	Case=Acc|Gender=Masc|Number=Sing	Τριοπᾷδ᾽	appos	3
30	10	Schneider	ADV	V-	PronType=Int	Schneider	appos	9
30	11	;	PUNCT	Z		;	cc	9
30	12	τριόπαιδ᾽	PROPN	Ne	Case=Acc|Gender=Masc|Number=Sing	τριόπαιδ᾽	appos	3
30	13	AF	ADV	V-		AF	appos	12
30	14	;	PUNCT	Z		;	appos	3
30	15	τριόπᾳ	ADJ	A-	Case=Acc|Degree=Pos|Gender=Masc|Number=Sing	τριόπᾳ	ROOT	15
30	16	θ	ADV	Df		θ	cc	15
30	17	’	NOUN	Pd		’	appos	15
30	18	δ	ADV	Df		δ	dep	15
30	19	.	PUNCT	Z		.	punct	15
30	20	ὅσον	PRON	Pr	Case=Acc|Gender=Neut|Number=Sing|PronType=Rel	ὅσος	obl	21
30	21	,	PUNCT	Z		,	ROOT	21
30	22	ὁκκόσον	ADJ	A-	Case=Acc|Gender=Neut|Number=Sing	ὁκκόσος	advmod	23
30	23	Ἔννᾳ	NUM	Ma		Ἔννᾳ	dep	21
30	24	.	PUNCT	Z		.	punct	21
31	0	ἀλλʼ	CCONJ	C-		ἀλλά	cc	5
31	1	ὅκα	ADV	Dq	PronType=Rel	ὅτε	advmod	5
31	2	Τριοπίδαισιν	NOUN	Nb	Case=Dat|Gender=Masc|Number=Plur	τριοπίδαισις	dep	5
31	3	ὁ	DET	S-	Case=Nom|Definite=Def|Gender=Masc|Number=Sing|PronType=Dem	ὁ	det	6
31	4	δεξιὸς	ADJ	A-	Case=Nom|Degree=Pos|Gender=Masc|Number=Sing	δεξιός	amod	6
31	5	ἄχθετο	VERB	V-	Aspect=Perf|Mood=Opt|Number=Sing|Person=3|Tense=Past|VerbForm=Fin|Voice=Mid	ἄχθω	ROOT	5
31	6	δαίμων	NOUN	Nb	Case=Nom|Gender=Masc|Number=Sing	δαίμων	nsubj	5
31	7	,	PUNCT	Z		,	punct	5
32	0	τουτάκις	ADV	Pd		τουτάκις	obl	4
32	1	ἁ	DET	S-	Case=Nom|Definite=Def|Gender=Fem|Number=Sing|PronType=Dem	ὁ	det	2
32	2	χείρων	PROPN	Ne	Case=Nom|Gender=Fem|Number=Sing	χείρων	nsubj	4
32	3	Ἐρυσίχθονος	PROPN	Ne	Case=Gen|Gender=Masc|Number=Sing	Ἐρυσίχθον	nmod	2
32	4	ἅψατο	VERB	V-	Aspect=Perf|Mood=Ind|Number=Sing|Person=3|Tense=Past|VerbForm=Fin|Voice=Mid	ἅπτω	ROOT	4
32	5	βωλά	PROPN	Ne	Case=Nom|Gender=Fem|Number=Sing	βωλά	nsubj	4
32	6	·	PUNCT	Z		·	punct	4
33	0	σεύατʼ	VERB	V-	Aspect=Imp|Mood=Ind|Number=Sing|Person=3|Tense=Past|VerbForm=Fin|Voice=Mid	σεύω	ROOT	0
33	1	ἔχων	VERB	V-	Case=Nom|Gender=Masc|Number=Sing|Tense=Pres|VerbForm=Part|Voice=Act	ἔχω	advcl	0
33	2	θεράποντας	NOUN	Nb	Case=Acc|Gender=Masc|Number=Plur	θεράπων	obj	1
33	3	ἐείκοσι	NUM	Ma		εἴκοσι	nummod	2
33	4	,	PUNCT	Z		,	ROOT	4
33	5	πάντας	ADJ	Px	Case=Acc|Gender=Masc|Number=Plur	πᾶς	ROOT	5
33	6	ἐν	ADP	R-		ἐν	case	7
33	7	ἀκμᾷ	VERB	V-	Aspect=Perf|Tense=Past|VerbForm=Inf|Voice=Act	ἀκμή	orphan	5
33	8	,	PUNCT	Z		,	punct	5
34	0	πάντας	DET	Px	Case=Acc|Gender=Masc|Number=Plur	πᾶς	det	2
34	1	δʼ	ADV	Df		δέ	discourse	6
34	2	ἀνδρογίγαντας	VERB	V-	Aspect=Perf|Case=Acc|Gender=Masc|Number=Plur|Tense=Past|VerbForm=Part|Voice=Act	ἀνδρογίγαντης	obj	6
34	3	ὅλαν	ADJ	A-	Case=Acc|Degree=Pos|Gender=Fem|Number=Sing	ὅλας	amod	4
34	4	πόλιν	NOUN	Nb	Case=Acc|Gender=Fem|Number=Sing	πόλις	obj	2
34	5	ἀρκίος	ADJ	A-	Case=Nom|Degree=Pos|Gender=Masc|Number=Sing	ἀρκίος	advmod	6
34	6	ἆραι	VERB	V-	Aspect=Perf|Tense=Past|VerbForm=Inf|Voice=Act	ἀείρω	ROOT	6
34	7	,	PUNCT	Z		,	punct	6
35	0	ἀμφότερον	ADJ	A-	Case=Acc|Degree=Pos|Gender=Neut|Number=Sing	ἀμφότερος	obj	4
35	1	πελέκεσσι	NOUN	Nb	Case=Dat|Gender=Masc|Number=Plur	πέλεκυς	iobj	4
35	2	καὶ	CCONJ	C-		καί	cc	1
35	3	ἀξίναισιν	NOUN	A-	Case=Dat|Gender=Fem|Number=Plur	ἀξίναισις	conj	1
35	4	ὁπλίσσας	VERB	V-	Aspect=Perf|Case=Nom|Gender=Masc|Number=Sing|Tense=Past|VerbForm=Part|Voice=Act	ὁπλίσννυμι	ROOT	4
35	5	,	PUNCT	Z		,	punct	4
36	0	ἐς	ADP	R-		εἰς	case	6
36	1	δὲ	ADV	Df		δέ	discourse	5
36	2	τὸ	DET	S-	Case=Acc|Definite=Def|Gender=Neut|Number=Sing|PronType=Dem	ὁ	det	5
36	3	Δάματρος	PROPN	Ne	Case=Gen|Gender=Masc|Number=Sing	Δάματρος	nmod	4
36	4	ἀναιδέες	ADJ	A-	Case=Nom|Degree=Pos|Gender=Masc|Number=Plur	ἀναιδής	dep	5
36	5	ἔδραμον	VERB	V-	Aspect=Perf|Mood=Ind|Number=Sing|Person=1|Tense=Past|VerbForm=Fin|Voice=Act	τρέχω	ROOT	5
36	6	ἄλσος	NOUN	Nb	Case=Acc|Gender=Neut|Number=Sing	ἄλσος	obl	5
36	7	.	PUNCT	Z		.	punct	5
37	0	ἦς	PRON	Pr	Case=Gen|Gender=Fem|Number=Sing|PronType=Rel	εἰμί	det	2
37	1	ἦς	PRON	Pr	Case=Gen|Gender=Fem|Number=Sing|PronType=Rel	εἰμί	cop	2
37	2	d	NOUN	Nb	Case=Nom|Gender=Fem|Number=Sing	d	nsubj	4
37	3	;	PUNCT	Z		;	cc	2
37	4	ἦν	AUX	V-	Aspect=Imp|Mood=Ind|Number=Sing|Person=3|Tense=Past|VerbForm=Fin|Voice=Act	εἰμί	ROOT	4
37	5	.	PUNCT	Z		.	punct	4
37	6	δέ	ADV	Df		δέ	ROOT	6
37	7	τις	DET	Px	Case=Nom|Gender=Fem,Masc|Number=Sing	τίς	det	8
37	8	αἴγειρος	NOUN	Nb	Case=Nom|Gender=Fem|Number=Sing	αἴγειρος	nsubj	6
37	9	,	PUNCT	Z		,	punct	6
37	10	μέγα	ADJ	A-	Case=Nom|Degree=Pos|Gender=Neut|Number=Sing	μέγας	amod	11
37	11	δένδρεον	NOUN	Nb	Case=Nom|Gender=Neut|Number=Sing	δένδρον	ROOT	11
37	12	αἰθέρι	NOUN	Nb	Case=Dat|Gender=Masc|Number=Sing	αἰθήρ	nmod	11
37	13	κῦρον	PROPN	Ne	Case=Acc|Gender=Masc|Number=Sing	κῦρος	appos	11
37	14	,	PUNCT	Z		,	ROOT	14
38	0	τῷ	ADJ	Pp	Case=Dat|Gender=Masc|Number=Sing	ὁ	obl	7
38	1	δʼ	ADV	Df		δέ	discourse	7
38	2	ἔπι	ADP	R-		ἐπί	advmod	7
38	3	ταὶ	DET	S-	Case=Nom|Definite=Def|Gender=Fem|Number=Plur|PronType=Dem	ὁ	det	4
38	4	νύμφαι	NOUN	Nb	Case=Nom|Gender=Fem|Number=Plur	νύμφη	nsubj	7
38	5	ποτὶ	ADP	R-		πρός	case	6
38	6	τὤνδιον	ADJ	Pd	Case=Acc|Gender=Neut|Number=Sing	τὤνδιος	obl	7
38	7	ἑψιόωντο	VERB	V-	Aspect=Imp|Mood=Ind|Number=Plur|Person=3|Tense=Past|VerbForm=Fin|Voice=Mid	ἑψιάομαι	ROOT	7
38	8	,	PUNCT	Z		,	punct	7
39	0	ἃ	DET	S-	Case=Nom|Definite=Def|Gender=Fem|Number=Sing|PronType=Dem	ὅς	det	1
39	1	πράτα	ADJ	Mo	Case=Nom|Gender=Fem|Number=Sing	πράτης	advmod	5
39	2	πλαγεῖσα	VERB	V-	Aspect=Perf|Case=Nom|Gender=Fem|Number=Sing|Tense=Past|VerbForm=Part|Voice=Pass	πλαγεῖσα	advcl	5
39	3	κακὸν	ADJ	A-	Case=Acc|Degree=Pos|Gender=Neut|Number=Sing	κακός	amod	4
39	4	μέλος	NOUN	Nb	Case=Acc|Gender=Neut|Number=Sing	μέλος	obj	5
39	5	ἴαχεν	VERB	V-	Aspect=Perf|Mood=Ind|Number=Sing|Person=3|Tense=Past|VerbForm=Fin|Voice=Act	ἰάχω	ROOT	5
39	6	ἄλλαις	ADJ	A-	Case=Dat|Degree=Pos|Gender=Fem|Number=Plur	ἄλλος	iobj	5
39	7	.	PUNCT	Z		.	punct	5
40	0	ᾄσθετο	VERB	V-	Mood=Ind|Number=Sing|Person=3|Tense=Pqp|VerbForm=Fin|Voice=Pass	ᾄσθετο	ROOT	0
40	1	Δαμάτηρ	NOUN	Nb	Case=Nom|Gender=Masc|Number=Sing	Δαμάτηρ	nsubj:pass	0
40	2	,	PUNCT	Z	Case=Dat|Gender=Neut|Number=Sing	,	dep	0
40	3	ὅτι	SCONJ	G-		ὅτι	mark	7
40	4	οἱ	PRON	Pp	Case=Dat|Gender=Masc|Number=Sing|Person=3|PronType=Prs	ὁ	iobj	7
40	5	ξύλον	NOUN	Nb	Case=Acc|Gender=Neut|Number=Sing	ξύλον	obj	7
40	6	ἱερὸν	ADJ	A-	Case=Acc|Degree=Pos|Gender=Neut|Number=Sing	ἱερόν	amod	5
40	7	ἄλγει	VERB	V-	Mood=Ind|Number=Sing|Person=3|Tense=Pres|VerbForm=Fin|Voice=Act	ἀλγέω	advcl	0
40	8	,	PUNCT	Z		,	punct	0
41	0	εἶπε	VERB	V-	Aspect=Perf|Mood=Ind|Number=Sing|Person=3|Tense=Past|VerbForm=Fin|Voice=Act	λέγω	ROOT	0
41	1	δὲ	ADV	Df		δέ	discourse	0
41	2	χωσαμένα	VERB	V-	Aspect=Perf|Case=Nom|Gender=Fem|Number=Sing|Tense=Past|VerbForm=Part|Voice=Mid	χωσαμήν	advcl	0
41	3	"	ADV	Du	PronType=Int	"	vocative	0
41	4	τίς	PRON	Pi	Case=Nom|Gender=Masc|Number=Sing|PronType=Int	τίς	nsubj	8
41	5	μοι	PRON	Pp	Case=Dat|Gender=Fem|Number=Sing|Person=1|PronType=Prs	ἐγώ	obl	8
41	6	καλὰ	ADJ	A-	Case=Acc|Degree=Pos|Gender=Neut|Number=Plur	καλός	amod	7
41	7	δένδρεα	NOUN	Nb	Case=Acc|Gender=Neut|Number=Plur	δένδρον	obj	8
41	8	κόπτει	VERB	V-	Mood=Ind|Number=Sing|Person=3|Tense=Pres|VerbForm=Fin|Voice=Act	κόπτω	ccomp	0
41	9	;	PUNCT	Z	PronType=Int	;	appos	4
41	10	"	CCONJ	A-		"	appos	4
42	0	αὐτίκα	ADV	Df		αὐτίκα	ROOT	0
42	1	Νικίππᾳ	PROPN	Ne	Case=Nom|Gender=Fem|Number=Sing	Νικίππᾳ	nsubj	0
42	2	,	PUNCT	Z	Aspect=Perf|Mood=Ind|Number=Plur|Person=2|Tense=Past|VerbForm=Fin|Voice=Act	,	flat:name	1
42	3	τάν	PRON	Pr	Case=Acc|Gender=Fem|Number=Sing|PronType=Rel	ὁ	obj	6
42	4	οἱ	PRON	Pp	Case=Dat|Gender=Masc|Number=Sing|Person=3|PronType=Prs	ὁ	iobj	6
42	5	πόλις	NOUN	Nb	Case=Nom|Gender=Fem|Number=Sing	πόλις	nsubj	6
42	6	ἀράτειραν	PROPN	V-	Case=Acc|Gender=Fem|Number=Sing	ἀράτειρα	acl	2
43	0	δαμοσίαν	ADJ	A-	Case=Acc|Degree=Pos|Gender=Masc|Number=Sing	δημόσιος	obj	1
43	1	ἔστασαν	VERB	V-	Aspect=Imp|Mood=Ind|Number=Plur|Person=3|Tense=Past|VerbForm=Fin|Voice=Act	ἵστημι	ROOT	1
43	2	,	PUNCT	Z		,	punct	1
43	3	ἐείσατο	VERB	V-	Aspect=Perf|Mood=Ind|Number=Sing|Person=3|Tense=Past|VerbForm=Fin|Voice=Mid	εἶμι	ROOT	3
43	4	,	PUNCT	Z		,	punct	3
43	5	γέντο	VERB	V-	Mood=Ind|Number=Plur|Person=3|Tense=Pqp|VerbForm=Fin|Voice=Mid	γίγνομαι	ROOT	5
43	6	δὲ	ADV	Df		δέ	discourse	5
43	7	χειρὶ	NOUN	Nb	Case=Dat|Gender=Fem|Number=Sing	χείρ	obl	5
44	0	στέμματα	NOUN	Nb	Case=Acc|Gender=Neut|Number=Plur	στέμμα	ROOT	0
44	1	καὶ	CCONJ	C-		καί	cc	0
44	2	μάκωνα	NOUN	Nb	Case=Acc|Gender=Masc|Number=Sing	μάκων	conj	0
44	3	,	PUNCT	Z		,	ROOT	3
44	4	κατωμαδίαν	ADJ	A-	Case=Acc|Degree=Pos|Gender=Fem|Number=Sing	κατωμαδία	amod	7
44	5	δʼ	ADV	Df		δέ	discourse	6
44	6	ἔχε	VERB	V-	Mood=Imp|Number=Sing|Person=2|Tense=Pres|VerbForm=Fin|Voice=Act	ἔχω	conj	3
44	7	κλᾷδα	NOUN	Nb	Case=Acc|Gender=Fem|Number=Sing	κλᾷδα	obj	6
44	8	.	PUNCT	Z		.	punct	6
45	0	φᾶ	VERB	V-	Mood=Ind|Number=Sing|Person=3|Tense=Pres|VerbForm=Fin|Voice=Act	φημί	ROOT	0
45	1	δὲ	ADV	Df		δέ	discourse	0
45	2	παραψύχοισα	VERB	V-	Case=Nom|Gender=Fem|Number=Sing|Tense=Pres|VerbForm=Part|Voice=Act	παραψύχω	advcl	0
45	3	κακὸν	ADJ	A-	Case=Acc|Degree=Pos|Gender=Neut|Number=Sing	κακός	obj	2
45	4	καὶ	CCONJ	C-		καί	cc	3
45	5	ἀναιδέα	ADJ	A-	Case=Acc|Degree=Pos|Gender=Masc|Number=Sing	ἀναιδής	amod	6
45	6	φῶτα	NOUN	Nb	Case=Acc|Gender=Masc|Number=Sing	φῶς	conj	3
46	0	τέκνον	NOUN	Nb	Case=Voc|Gender=Neut|Number=Sing	τέκνον	vocative	1
46	1	,	PUNCT	Z	Aspect=Imp|Mood=Ind|Number=Sing|Person=2|Tense=Past|VerbForm=Fin|Voice=Act	,	ROOT	1
46	2	ὅτις	VERB	V-	Mood=Ind|Number=Sing|Person=2|Tense=Pres|VerbForm=Fin|Voice=Act	ὅστις	mark	7
46	3	τὰ	DET	S-	Case=Acc|Definite=Def|Gender=Neut|Number=Plur|PronType=Dem	ὁ	det	6
46	4	θεοῖσιν	NOUN	Nb	Case=Dat|Gender=Masc|Number=Plur	θεός	iobj	5
46	5	ἀνειμένα	VERB	V-	Aspect=Perf|Case=Acc|Gender=Neut|Number=Plur|Tense=Past|VerbForm=Part|Voice=Pass	ἀνίημι	acl	6
46	6	δένδρεα	NOUN	Nb	Case=Acc|Gender=Neut|Number=Plur	δένδρον	obj	7
46	7	κόπτεις	VERB	V-	Mood=Ind|Number=Sing|Person=2|Tense=Pres|VerbForm=Fin|Voice=Act	κόπτω	conj	1
46	8	,	PUNCT	Z		,	punct	1
47	0	τέκνον	NOUN	Nb	Case=Voc|Gender=Neut|Number=Sing	τέκνον	vocative	1
47	1	ἐλίνυσον	VERB	V-	Aspect=Perf|Mood=Imp|Number=Sing|Person=2|Tense=Past|VerbForm=Fin|Voice=Act	ἐλίνυσος	ROOT	1
47	2	,	PUNCT	Z		,	advmod	1
47	3	τέκνον	NOUN	Nb	Case=Voc|Gender=Neut|Number=Sing	τέκνον	ROOT	3
47	4	πολύθεστε	ADJ	A-	Case=Nom|Degree=Cmp|Gender=Neut|Number=Sing	πολύθεστος	ROOT	4
47	5	τοκεῦσι	NOUN	Nb	Case=Dat|Gender=Masc|Number=Plur	τοκεύς	ROOT	5
47	6	,	PUNCT	Z		,	ROOT	6
48	0	παύεο	VERB	V-	Mood=Imp|Number=Sing|Person=2|Tense=Pres|VerbForm=Fin|Voice=Mid	παύω	ROOT	0
48	1	καὶ	CCONJ	C-		καί	cc	0
48	2	θεράποντας	NOUN	Nb	Case=Acc|Gender=Masc|Number=Plur	θεράπων	obj	3
48	3	ἀπότρεπε	VERB	V-	Mood=Imp|Number=Sing|Person=2|Tense=Pres|VerbForm=Fin|Voice=Act	ἀποτρέπω	conj	0
48	4	,	PUNCT	Z	Aspect=Imp|Mood=Ind|Number=Sing|Person=3|Tense=Past|VerbForm=Fin|Voice=Pass	,	dep	0
48	5	μή	SCONJ	G-		μή	mark	7
48	6	τι	ADJ	Px	Case=Acc|Gender=Neut|Number=Sing	τίς	obl	7
48	7	χαλεφθῇ	VERB	V-	Aspect=Perf|Mood=Sub|Number=Sing|Person=3|Tense=Past|VerbForm=Fin|Voice=Pass	χαλεφθῇ	ROOT	7
49	0	πότνια	ADJ	A-	Case=Voc|Degree=Pos|Gender=Masc|Number=Sing	πότνια	amod	1
49	1	Δαμάτηρ	NOUN	Nb	Case=Voc|Gender=Masc|Number=Sing	Δαμάτηρ	vocative	2
49	2	,	PUNCT	Z	Mood=Ind|Number=Sing|Person=2|Tense=Pres|VerbForm=Fin|Voice=Act	,	ROOT	2
49	3	τᾶς	PRON	Pr	Case=Acc|Gender=Fem|Number=Plur|PronType=Rel	ὅς	obj	5
49	4	ἱερὸν	ADJ	A-	Case=Acc|Degree=Pos|Gender=Neut|Number=Sing	ἱερόν	obj	5
49	5	ἐκκεραΐζεις	VERB	V-	Mood=Ind|Number=Sing|Person=2|Tense=Pres|VerbForm=Fin|Voice=Act	ἐκκεραΐζω	acl	2
49	6	.	PUNCT	Z		.	punct	5
50	0	τὰν	DET	Pd	Case=Acc|Definite=Def|Gender=Fem|Number=Sing|PronType=Dem	ὅς	det	2
50	1	δʼ	ADV	Df		δέ	discourse	3
50	2	ἄρʼ	ADV	Df		ἄρα	obj	3
50	3	ὑποβλέψας	VERB	V-	Aspect=Perf|Case=Nom|Gender=Masc|Number=Sing|Tense=Past|VerbForm=Part|Voice=Act	ὑποβλέπω	ROOT	3
50	4	χαλεπώτερον	ADJ	A-	Case=Acc|Degree=Cmp|Gender=Neut|Number=Sing	χαλεπός	advmod	3
50	5	ἠὲ	ADV	Df		ἤ	advmod	4
50	6	κυναγὸν	NOUN	Nb	Case=Acc|Gender=Masc|Number=Sing	κυναγός	obj	5
51	0	ὤρεσιν	NOUN	Nb	Case=Dat|Gender=Fem|Number=Plur	ὤρεσιν	obl	3
51	1	ἐν	ADP	R-		ἐν	case	2
51	2	Τμαρίοισιν	ADJ	A-	Case=Dat|Degree=Pos|Gender=Neut|Number=Plur	Τμαρίοις	obl	3
51	3	ὑποβλέπει	VERB	V-	Mood=Ind|Number=Sing|Person=3|Tense=Pres|VerbForm=Fin|Voice=Act	ὑποβλέπω	ROOT	3
51	4	ἄνδρα	NOUN	Nb	Case=Acc|Gender=Masc|Number=Sing	ἀνήρ	obj	3
51	5	λέαινα	PROPN	Nb	Case=Nom|Gender=Fem|Number=Sing	λέαινος	xcomp	3
52	0	ὠμοτόκος	ADJ	A-	Case=Nom|Degree=Pos|Gender=Masc|Number=Sing	ὠμοτόκος	amod	2
52	1	,	PUNCT	Z	Case=Dat|Gender=Neut|Number=Sing	,	ROOT	1
52	2	τᾶς	PRON	Pr	Case=Acc|Gender=Fem|Number=Plur|Person=3|PronType=Prs	ὅς	nsubj	4
52	3	φαντὶ	VERB	V-	Aspect=Perf|Case=Dat|Gender=Masc|Number=Sing|Tense=Past|VerbForm=Part|Voice=Act	φημί	dep	4
52	4	πέλειν	VERB	V-	Tense=Pres|VerbForm=Inf|Voice=Act	πέλω	ccomp	1
52	5	βλοσυρώτατον	ADJ	A-	Case=Acc|Degree=Sup|Gender=Neut|Number=Sing	βλοσυρώτατος	amod	6
52	6	ὄμμα	NOUN	Nb	Case=Acc|Gender=Neut|Number=Sing	ὄμμα	nsubj	4
52	7	,	PUNCT	Z		,	punct	1
53	0	χάζευ	VERB	V-	Mood=Imp|Number=Sing|Person=2|Tense=Pres|VerbForm=Fin|Voice=Mid	χάζευ	ROOT	0
53	1	,	PUNCT	Z		,	punct	0
53	2	ἔφα	VERB	V-	Aspect=Perf|Mood=Imp|Number=Sing|Person=2|Tense=Past|VerbForm=Fin|Voice=Act	φημί	ROOT	2
53	3	,	PUNCT	Z		,	ROOT	3
53	4	μή	ADV	Df	Polarity=Neg	μή	advmod	10
53	5	τοι	PRON	Pp	Case=Dat|Gender=Masc|Number=Sing|Person=2|PronType=Prs	σύ	iobj	10
53	6	πέλεκυν	NOUN	Nb	Case=Acc|Gender=Masc|Number=Sing	πέλεκυς	obj	10
53	7	μέγαν	ADJ	A-	Case=Acc|Degree=Pos|Gender=Masc|Number=Sing	μέγας	amod	6
53	8	ἐν	ADP	R-		ἐν	case	9
53	9	χροΐ	NOUN	Nb	Case=Dat|Gender=Masc|Number=Sing	χρώς	obl	10
53	10	πάξω	VERB	V-	Aspect=Perf|Mood=Sub|Number=Sing|Person=1|Tense=Past|VerbForm=Fin|Voice=Act	πάγω	ROOT	10
53	11	.	PUNCT	Z		.	punct	10
54	0	ταῦτα	ADJ	Pd	Case=Acc|Gender=Neut|Number=Plur	οὗτος	obj	3
54	1	δʼ	ADV	Df		δέ	discourse	3
54	2	ἐμὸν	ADJ	Ps	Case=Acc|Gender=Neut|Number=Sing|Person=1|Poss=Yes	ἐμός	nmod	0
54	3	θησεῖ	VERB	V-	Mood=Ind|Number=Sing|Person=3|Tense=Fut|VerbForm=Fin|Voice=Act	θησέω	ROOT	3
54	4	στεγανὸν	ADJ	A-	Case=Acc|Degree=Pos|Gender=Masc,Neut|Number=Sing	στεγανός	amod	5
54	5	δόμον	NOUN	Nb	Case=Acc|Gender=Masc|Number=Sing	δόμος	obj	3
54	6	,	PUNCT	Z		,	dep	3
54	7	ᾧ	PRON	Pr	Case=Dat|Gender=Masc|Number=Sing|PronType=Rel	ὅς	iobj	8
54	8	ἔνι	VERB	V-	Mood=Ind|Number=Sing|Person=3|Tense=Pres|VerbForm=Fin|Voice=Act	ἔνι	acl	0
54	9	δαῖτας	NOUN	Nb	Case=Acc|Gender=Fem|Number=Plur	δαίς	nsubj	8
55	0	αἰὲν	ADV	Df		ἀεί	advmod	5
55	1	ἐμοῖς	ADJ	Ps	Case=Dat|Gender=Neut|Number=Plur|Person=1|Poss=Yes	ἐμός	nmod	2
55	2	ἑτάροισιν	NOUN	Nb	Case=Dat|Gender=Masc|Number=Plur	ἑταῖρος	obl	5
55	3	ἄδην	ADV	Df		ἅδην	advmod	5
55	4	θυμαρέας	NOUN	Nb	Case=Acc|Gender=Masc|Number=Plur	θυμαρεύς	obj	5
55	5	ἀξῶ	VERB	V-	Mood=Ind|Number=Sing|Person=1|Tense=Fut|VerbForm=Fin|Voice=Act	ἀξῶ	ROOT	5
55	6	.	PUNCT	Z		.	punct	5
56	0	εἶπεν	VERB	V-	Aspect=Perf|Mood=Ind|Number=Sing|Person=3|Tense=Past|VerbForm=Fin|Voice=Act	λέγω	ROOT	0
56	1	ὁ	DET	S-	Case=Nom|Definite=Def|Gender=Masc|Number=Sing|PronType=Dem	ὁ	det	2
56	2	παῖς	NOUN	Nb	Case=Nom|Gender=Masc|Number=Sing	παῖς	nsubj	0
56	3	,	PUNCT	Z		,	ROOT	3
56	4	Νέμεσις	NOUN	Nb	Case=Nom|Gender=Fem|Number=Sing	νέμεσις	nsubj	7
56	5	δὲ	ADV	Df		δέ	discourse	7
56	6	κακὰν	ADJ	A-	Case=Acc|Degree=Pos|Gender=Fem|Number=Sing	κακός	amod	8
56	7	ἐγράψατο	VERB	V-	Aspect=Perf|Mood=Ind|Number=Plur|Person=3|Tense=Past|VerbForm=Fin|Voice=Mid	γράφω	conj	3
56	8	φωνάν	NOUN	Nb	Case=Acc|Gender=Fem|Number=Sing	φωνή	obj	7
56	9	.	PUNCT	Z		.	punct	7
57	0	Δαμάτηρ	NOUN	Nb	Case=Nom|Gender=Masc|Number=Sing	Δαμάτηρ	nsubj	4
57	1	δʼ	ADV	Df		δέ	discourse	4
57	2	ἄφατόν	ADJ	A-	Case=Acc|Degree=Pos|Gender=Neut|Number=Sing	ἄφατος	obj	4
57	3	τι	DET	Px	Case=Acc|Gender=Neut|Number=Sing	τίς	det	2
57	4	κοτέσσατο	VERB	V-	Aspect=Perf|Mood=Ind|Number=Sing|Person=3|Tense=Past|VerbForm=Fin|Voice=Mid	κοτέζω	ROOT	4
57	5	,	PUNCT	Z		,	punct	4
57	6	γείνατο	VERB	V-	Aspect=Perf|Mood=Ind|Number=Sing|Person=3|Tense=Past|VerbForm=Fin|Voice=Mid	γείνομαι	ROOT	6
57	7	γείνατο	VERB	V-	Aspect=Perf|Mood=Ind|Number=Sing|Person=3|Tense=Past|VerbForm=Fin|Voice=Mid	γείνομαι	ccomp	6
57	8	MSS.	PUNCT	Nb		MSS.	nsubj	6
57	9	;	PUNCT	Z		;	advmod	10
57	10	γείνετο	VERB	V-	Aspect=Perf|Mood=Ind|Number=Sing|Person=3|Tense=Past|VerbForm=Fin|Voice=Mid	γείνομαι	ROOT	10
57	11	Schneider.	PUNCT	Z		Schneider.	punct	10
57	12	δʼ	ADV	Df		δέ	ROOT	12
57	13	ἁ	PRON	Pr	Case=Acc|Gender=Neut|Number=Plur|PronType=Rel	ὁ	det	15
57	14	ἁ	INTJ	Pr		ὁ	det	15
57	15	MSS.	ADV	Df		MSS.	ROOT	15
57	16	;	PUNCT	Z	PronType=Int	;	ROOT	16
57	17	αὖ	ADV	Df		αὗ	ROOT	17
57	18	Bergk.	PUNCT	Z		Bergk.	punct	17
57	19	θεύς	PROPN	Ne	Case=Nom|Gender=Masc|Number=Sing	θεύς	ROOT	19
57	20	·	PUNCT	Z		·	punct	19
58	0	ἴθματα	NOUN	A-	Case=Acc|Gender=Neut|Number=Plur	ἰθμαίτω	ROOT	0
58	1	μὲν	ADV	Df		μέν	discourse	0
58	2	χέρσω	NOUN	Nb	Case=Dat|Gender=Fem|Number=Sing	χέρσω	nmod	0
58	3	,	PUNCT	Z		,	orphan	0
58	4	κεφαλὰ	NOUN	Nb	Case=Nom|Gender=Fem|Number=Sing	κεφαλὰ	nsubj	7
58	5	δέ	ADV	Df		δέ	discourse	7
58	6	οἱ	PRON	Pp	Case=Dat|Gender=Fem|Number=Sing|Person=3|PronType=Prs	ὁ	iobj	7
58	7	ἅψατʼ	VERB	V-	Aspect=Perf|Mood=Opt|Number=Sing|Person=3|Tense=Past|VerbForm=Fin|Voice=Mid	ἅψα	conj	0
58	8	Ὀλύμπω	PROPN	Ne	Case=Dat|Gender=Masc|Number=Sing	Ὀλύμπω	iobj	7
58	9	.	PUNCT	Z		.	punct	0
59	0	οἱ	DET	S-	Case=Nom|Definite=Def|Gender=Masc|Number=Plur|PronType=Dem	ὁ	det	3
59	1	μὲν	ADV	Df		μέν	discourse	3
59	2	ἄρʼ	ADV	Df		ἄρα	discourse	3
59	3	ἡμιθνῆτες	ADJ	A-	Case=Nom|Degree=Pos|Gender=Masc|Number=Plur	ἡμιθνῆτες	nsubj	4
59	4	,	PUNCT	Z		,	ROOT	4
59	5	ἐπεὶ	SCONJ	G-		ἐπεί	mark	8
59	6	τὰν	DET	S-	Case=Acc|Definite=Def|Gender=Fem|Number=Sing|PronType=Dem	ὅς	det	7
59	7	πότνιαν	PROPN	Ne	Case=Acc|Gender=Fem|Number=Sing	πότνια	obj	8
59	8	εἶδον	VERB	V-	Aspect=Perf|Mood=Ind|Number=Plur|Person=3|Tense=Past|VerbForm=Fin|Voice=Act	ὁράω	advcl	4
59	9	,	PUNCT	Z		,	punct	4
60	0	ἐξαπίνας	ADJ	V-	Case=Acc|Degree=Pos|Gender=Fem|Number=Plur	ἐξαίφνης	ROOT	0
60	1	ἀπόρουσαν	VERB	V-	Case=Acc|Gender=Fem|Number=Sing|Tense=Pres|VerbForm=Part|Voice=Act	ἀπόρουσαν	advcl	0
60	2	ἐνὶ	ADP	Ma		εἷς	nummod	3
60	3	δρυσὶ	NOUN	Nb	Case=Dat|Gender=Fem|Number=Plur	δρῦς	obl	1
60	4	χαλκὸν	NOUN	Nb	Case=Acc|Gender=Masc|Number=Sing	χαλκός	obj	5
60	5	ἀφέντες	VERB	V-	Aspect=Perf|Case=Nom|Gender=Masc|Number=Plur|Tense=Past|VerbForm=Part|Voice=Act	ἀφίημι	advcl	1
60	6	·	PUNCT	Z		·	punct	0
61	0	ἁ	PRON	Pr	Case=Acc|Gender=Neut|Number=Plur|PronType=Rel	ὁ	obj	4
61	1	δʼ	ADV	Df		δέ	discourse	4
61	2	ἄλλως	ADV	Df	Degree=Pos	ἄλλως	advmod	4
61	3	μὲν	ADV	Df		μέν	discourse	4
61	4	ἔασεν	VERB	V-	Aspect=Perf|Mood=Ind|Number=Sing|Person=3|Tense=Past|VerbForm=Fin|Voice=Act	ἐάω	ROOT	4
61	5	,	PUNCT	Z		,	punct	4
61	6	ἀναγκαίᾳ	ADJ	A-	Case=Nom|Degree=Pos|Gender=Neut|Number=Plur	ἀναγκαῖος	nsubj	8
61	7	γὰρ	ADV	Df		γάρ	discourse	8
61	8	ἕποντο	VERB	V-	Aspect=Imp|Mood=Ind|Number=Plur|Person=3|Tense=Past|VerbForm=Fin|Voice=Act	ἕπομαι	ROOT	8
62	0	δεσποτικὰν	ADJ	A-	Case=Acc|Degree=Pos|Gender=Fem|Number=Sing	δεσποτικός	amod	2
62	1	ὑπὸ	ADP	R-		ὑπό	case	2
62	2	χεῖρα	NOUN	Nb	Case=Acc|Gender=Fem|Number=Sing	χείρ	obl	3
62	3	,	PUNCT	Z		,	ROOT	3
62	4	βαρὺν	ADJ	A-	Case=Acc|Degree=Pos|Gender=Masc|Number=Sing	βαρύς	amod	7
62	5	δʼ	ADV	Df		δέ	discourse	6
62	6	ἀπαμείψατʼ	VERB	V-	Aspect=Perf|Mood=Opt|Number=Sing|Person=3|Tense=Past|VerbForm=Fin|Voice=Act	ἀπαμείψατʼ	conj	3
62	7	ἄνακτα	NOUN	Nb	Case=Acc|Gender=Masc|Number=Sing	ἄναξ	obj	6
63	0	ναὶ	INTJ	I-		ναί	vocative	2
63	1	ναί	INTJ	I-		ναί	vocative	0
63	2	,	PUNCT	Z	Case=Nom|Definite=Def|Gender=Neut|Number=Sing|PronType=Dem	,	ROOT	2
63	3	τεύχεο	NOUN	Nb	Case=Gen|Gender=Neut|Number=Sing	τεύχομαι	nmod	4
63	4	δῶμα	NOUN	Nb	Case=Nom|Gender=Neut|Number=Sing	δῶμα	conj	2
63	5	,	PUNCT	Z		,	parataxis	2
63	6	κύον	PROPN	Ne	Case=Voc|Gender=Masc|Number=Sing	κύων	vocative	7
63	7	,	PUNCT	Z		,	ROOT	7
63	8	κύον	NOUN	Ne	Case=Voc|Gender=Neut|Number=Sing	κύων	vocative	9
63	9	,	PUNCT	Z		,	parataxis	7
63	10	ᾧ	PRON	Pr	Case=Dat|Gender=Masc|Number=Sing|PronType=Rel	ὅς	discourse	11
63	11	ἔνι	NUM	Ma	Case=Dat|Gender=Masc|Number=Sing	ἔνι	orphan	9
63	12	δαῖτας	NOUN	Nb	Case=Acc|Gender=Fem|Number=Plur	δαίς	orphan	11
64	0	ποιησεῖς	VERB	V-	Mood=Ind|Number=Sing|Person=2|Tense=Fut|VerbForm=Fin|Voice=Act	ποιησής	ROOT	0
64	1	·	PUNCT	Z		·	punct	0
64	2	θαμιναὶ	ADJ	A-	Case=Nom|Degree=Pos|Gender=Fem|Number=Plur	θαμινός	ROOT	2
64	3	γάρ	ADV	Df		γάρ	discourse	6
64	4	ἐς	ADP	R-		εἰς	case	5
64	5	ὕστερον	ADJ	A-	Case=Acc|Degree=Pos|Gender=Neut|Number=Sing	ὕστερος	advmod	6
64	6	εἰλαπίναι	NOUN	A-	Case=Nom|Gender=Fem|Number=Plur	εἰλαπίναι	nsubj	2
64	7	τοι	PRON	Pp	Case=Dat|Gender=Masc|Number=Sing|Person=2|PronType=Prs	σύ	iobj	2
64	8	.	PUNCT	Z		.	punct	2
65	0	ἁ	PRON	Pp	Case=Nom|Gender=Neut|Number=Plur|Person=3|PronType=Prs	ὁ	nsubj	3
65	1	μὲν	ADV	Df		μέν	discourse	3
65	2	τόσσʼ	ADJ	Pd	Case=Acc|Gender=Neut|Number=Plur	τόσος	obj	3
65	3	εἰποῖσʼ	VERB	V-	Aspect=Perf|Mood=Opt|Number=Sing|Person=3|Tense=Past|VerbForm=Fin|Voice=Act	εἰπίσκω	ROOT	3
65	4	Ἐρυσίχθονι	PROPN	Ne	Case=Dat|Gender=Masc|Number=Sing	Ἐρυσίχθων	iobj	3
65	5	τεῦχε	NOUN	Nb	Case=Acc|Gender=Neut|Number=Plur	τεύχω	obj	3
65	6	πονηρά	ADJ	A-	Case=Acc|Degree=Pos|Gender=Neut|Number=Plur	πονηρός	amod	5
65	7	.	PUNCT	Z		.	punct	3
66	0	αὐτίκα	ADV	Df		αὐτίκα	advmod	6
66	1	οἱ	PRON	Pp	Case=Dat|Gender=Masc|Number=Sing|Person=3|PronType=Prs	ὁ	iobj	6
66	2	χαλεπόν	ADJ	A-	Case=Nom|Degree=Pos|Gender=Neut|Number=Sing	χαλεπός	amod	7
66	3	τε	CCONJ	C-		τε	cc	2
66	4	καὶ	CCONJ	C-		καί	cc	2
66	5	ἄγριον	ADJ	A-	Case=Acc|Degree=Pos|Number=Sing	ἄγριος	conj	2
66	6	ἔμβαλε	VERB	V-	Aspect=Perf|Mood=Ind|Number=Sing|Person=3|Tense=Past|VerbForm=Fin|Voice=Act	ἐμβάλλω	ROOT	6
66	7	λιμὸν	NOUN	Nb	Case=Acc|Gender=Fem|Number=Sing	λιμός	obj	6
67	0	αἴθωνα	ADJ	A-	Case=Acc|Degree=Pos|Gender=Masc|Number=Sing	αἴθων	ROOT	0
67	1	κρατερόν	ADJ	A-	Case=Acc|Degree=Pos|Gender=Masc|Number=Sing	κρατερός	amod	0
67	2	,	PUNCT	Z		,	ROOT	2
67	3	μεγάλᾳ	ADJ	A-	Case=Acc|Degree=Pos|Gender=Neut|Number=Plur	μέγας	nsubj:pass	5
67	4	δʼ	ADV	Df		δέ	discourse	5
67	5	ἐστρεύγετο	VERB	V-	Aspect=Imp|Mood=Ind|Number=Sing|Person=3|Tense=Past|VerbForm=Fin|Voice=Pass	στρεύγω	conj	2
67	6	νούσῳ	NOUN	Nb	Case=Dat|Gender=Fem|Number=Sing	νόσος	obl	5
67	7	.	PUNCT	Z		.	punct	5
68	0	σχέτλιος	ADJ	A-	Case=Nom|Degree=Pos|Gender=Masc|Number=Sing	σχέτλιος	amod	1
68	1	,	PUNCT	Z		,	obj	5
68	2	ὅσσα	PRON	Pr	Case=Acc|Gender=Neut|Number=Plur|PronType=Rel	ὅσος	obj	3
68	3	πάσαιτο	VERB	V-	Mood=Ind|Number=Sing|Person=3|Tense=Pqp|VerbForm=Fin|Voice=Mid	πατέομαι	advcl	5
68	4	τόσων	DET	Pd	Case=Gen|Gender=Neut|Number=Plur	τόσω	det	3
68	5	ἔχεν	VERB	V-	Aspect=Imp|Mood=Ind|Number=Sing|Person=3|Tense=Past|VerbForm=Fin|Voice=Act	ἔχω	ROOT	5
68	6	ἵμερος	NOUN	Nb	Case=Nom|Gender=Masc|Number=Sing	ἵμερος	nsubj	5
68	7	αὖτις	ADV	Df		αὖθις	advmod	5
68	8	.	PUNCT	Z		.	punct	5
69	0	εἴκατι	NOUN	Nb	Case=Dat|Gender=Neut|Number=Sing	εἴκατι	obl	2
69	1	δαῖτα	NOUN	Nb	Case=Acc|Gender=Fem|Number=Sing	δαίς	obj	2
69	2	πένοντο	VERB	V-	Aspect=Imp|Mood=Ind|Number=Plur|Person=3|Tense=Past|VerbForm=Fin|Voice=Mid	πένομαι	ROOT	2
69	3	,	PUNCT	Z		,	ROOT	3
69	4	δυώδεκα	NUM	Ma		δυώδεκα	dep	7
69	5	δʼ	ADV	Df		δέ	discourse	7
69	6	οἶνον	NOUN	Nb	Case=Acc|Gender=Masc|Number=Sing	οἶνος	obj	7
69	7	ἄφυσσον	VERB	V-	Aspect=Perf|Mood=Ind|Number=Plur|Person=3|Tense=Past|VerbForm=Fin|Voice=Act	ἄφυσσος	ROOT	7
69	8	·	PUNCT	Z		·	punct	7
70	0	τόσσα	ADJ	Pd	Case=Acc|Gender=Neut|Number=Plur	τόσος	obl	1
70	1	Διώνυσον	VERB	V-	Aspect=Perf|Mood=Imp|Number=Plur|Person=3|Tense=Past|VerbForm=Fin|Voice=Act	Διόνυσος	ROOT	1
70	2	γὰρ	ADV	Df		γάρ	discourse	1
70	3	ἃ	PRON	Pr	Case=Nom|Gender=Neut|Number=Plur|PronType=Rel	ὅς	nsubj	6
70	4	καὶ	ADV	Df		καί	advmod	6
70	5	Δάματρα	NOUN	Nb	Case=Acc|Gender=Neut|Number=Plur	Δημήτηρ	obj	6
70	6	χαλέπτελ	VERB	V-	Mood=Ind|Number=Sing|Person=3|Tense=Pres|VerbForm=Fin|Voice=Act	χαλέπτελ	acl	1
70	7	·	PUNCT	Z		·	punct	1
71	0	καὶ	ADV	Df		καί	dep	4
71	1	γὰρ	ADV	Df		γάρ	discourse	4
71	2	τᾷ	DET	S-	Case=Nom|Definite=Def|Gender=Neut|Number=Plur|PronType=Dem	ὁ	det	3
71	3	Δάματρι	PROPN	Nb	Case=Nom|Gender=Fem|Number=Sing	Δάματρι	nsubj:pass	4
71	4	συνωργίσθη	VERB	V-	Aspect=Perf|Mood=Ind|Number=Sing|Person=3|Tense=Past|VerbForm=Fin|Voice=Pass	συνωργίζω	ROOT	4
71	5	Διόνυσος	PROPN	Ne	Case=Nom|Gender=Masc|Number=Sing	Διόνυσος	nsubj:pass	4
71	6	.	PUNCT	Z		.	punct	4
72	0	οὔτε	CCONJ	C-		οὔτε	cc	1
72	1	νιν	PRON	Pp	Case=Acc|Gender=Masc|Number=Sing|Person=3|PronType=Prs	νιν	ROOT	1
72	2	εἰς	ADP	R-		εἰς	case	3
72	3	ἐράνως	ADV	Df		ἐράνως	advmod	1
72	4	οὔτε	CCONJ	C-		οὔτε	cc	1
72	5	ξυνδείπνια	NOUN	Nb	Case=Acc|Gender=Neut|Number=Plur	ξυνδείπνιος	obj	6
72	6	πέμπον	VERB	V-	Aspect=Imp|Mood=Ind|Number=Plur|Person=3|Tense=Past|VerbForm=Fin|Voice=Act	πέμπω	conj	1
73	0	αἰδόμενοι	VERB	V-	Case=Nom|Gender=Masc|Number=Plur|Tense=Pres|VerbForm=Part|Voice=Mid	αἰδέομαι	advcl	2
73	1	γονέες	NOUN	Nb	Case=Nom|Gender=Masc|Number=Plur	γονής	xcomp	0
73	2	,	PUNCT	Z		,	ROOT	2
73	3	προχανὰ	NOUN	Nb	Case=Nom|Gender=Neut|Number=Plur	προχανός	xcomp	5
73	4	δʼ	ADV	Df		δέ	discourse	5
73	5	εὑρίσκετο	VERB	V-	Aspect=Imp|Mood=Ind|Number=Sing|Person=3|Tense=Past|VerbForm=Fin|Voice=Pass	εὑρίσκω	conj	2
73	6	πᾶσα	ADJ	Px	Case=Nom|Gender=Fem|Number=Sing	πᾶς	nsubj:pass	5
73	7	.	PUNCT	Z		.	punct	5
74	0	ἦνθον	VERB	V-	Aspect=Imp|Mood=Ind|Number=Plur|Person=3|Tense=Past|VerbForm=Fin|Voice=Act	ἦνθος	ROOT	0
74	1	Ἰτωνιάδος	ADJ	A-	Case=Gen|Degree=Pos|Gender=Fem|Number=Sing	Ἰτωνιάς	amod	2
74	2	νιν	PRON	Pp	Case=Acc|Gender=Fem|Number=Sing|Person=3|PronType=Prs	νιν	obj	0
74	3	Ἀθαναίας	ADJ	A-	Case=Gen|Degree=Pos|Gender=Fem|Number=Sing	Ἀθήνη	amod	5
74	4	ἐπʼ	ADP	R-		ἐπί	case	5
74	5	ἄεθλα	NOUN	Nb	Case=Acc|Gender=Neut|Number=Plur	ἆθλον	obl	0
75	0	Ὀρμενίδαι	NOUN	Nb	Case=Nom|Gender=Masc|Number=Plur	Ὀρμενίδης	ROOT	0
75	1	καλέοντες	VERB	V-	Case=Nom|Gender=Masc|Number=Plur|Tense=Pres|VerbForm=Part|Voice=Act	καλέω	advcl	0
75	2	·	PUNCT	Z		·	punct	0
75	3	ἀπʼ	ADP	R-		ἀπό	case	5
75	4	ὦν	ADV	Df		οὖν	discourse	5
75	5	ἀρνήσατο	VERB	V-	Aspect=Perf|Mood=Ind|Number=Sing|Person=3|Tense=Past|VerbForm=Fin|Voice=Mid	ἀρνήσατο	ROOT	5
75	6	μάτηρ	NOUN	Nb	Case=Nom|Gender=Fem|Number=Sing	μήτηρ	nsubj	5
76	0	οὐκ	ADV	Df	Polarity=Neg	οὐ	advmod	1
76	1	ἔνδοι	ADV	Df		ἔνδος	ROOT	1
76	2	,	PUNCT	Z		,	mark	7
76	3	χθιζὸς	ADJ	A-	Case=Nom|Degree=Pos|Gender=Masc|Number=Sing	χθιζός	advmod	7
76	4	γὰρ	ADV	Df		γάρ	discourse	7
76	5	ἐπὶ	ADP	R-		ἐπί	case	6
76	6	Κραννῶνα	NOUN	Nb	Case=Acc|Gender=Neut|Number=Plur	Κραννών	obl	7
76	7	βέβακε	VERB	V-	Aspect=Perf|Mood=Ind|Number=Sing|Person=3|Tense=Past|VerbForm=Fin|Voice=Act	βαίνω	ROOT	7
77	0	τέλθος	NOUN	Nb	Case=Nom|Gender=Masc|Number=Sing	τέλθος	ROOT	0
77	1	ἀπαιτησῶν	VERB	V-	Case=Nom|Gender=Masc|Number=Sing|Tense=Pres|VerbForm=Part|Voice=Act	ἀπαιτησέω	acl	0
77	2	ἑκατὸν	NUM	Ma		ἑκατόν	nummod	3
77	3	βόας	NOUN	Nb	Case=Acc|Gender=Masc|Number=Plur	βοῦς	obj	1
77	4	.	PUNCT	Z		.	ROOT	4
77	5	ἦνθε	ADV	Df		ἦνθε	discourse	6
77	6	Πολυξώ	VERB	V-	Aspect=Perf|Mood=Sub|Number=Sing|Person=1|Tense=Past|VerbForm=Fin|Voice=Act	Πολυξώ	ROOT	6
77	7	,	PUNCT	Z		,	ROOT	7
78	0	μάτηρ	NOUN	Nb	Case=Nom|Gender=Masc|Number=Sing	μήτηρ	ROOT	0
78	1	Ἀκτορίωνος	PROPN	Ne	Case=Gen|Gender=Masc|Number=Sing	Ἀκτορίων	nmod	0
78	2	,	PUNCT	Z	Case=Dat|Gender=Masc|Number=Sing	,	nmod	0
78	3	ἐπεὶ	SCONJ	G-		ἐπεί	mark	5
78	4	γάμον	NOUN	Nb	Case=Acc|Gender=Masc|Number=Sing	γάμος	obj	5
78	5	ἄρτυε	VERB	V-	Aspect=Imp|Mood=Ind|Number=Sing|Person=3|Tense=Past|VerbForm=Fin|Voice=Act	ἄρτυε	advcl	2
78	6	παιδί	NOUN	Nb	Case=Dat|Gender=Masc|Number=Sing	παῖς	obl	5
78	7	,	PUNCT	Z		,	acl	0
79	0	ἀμφότερον	ADV	A-	Degree=Pos	ἀμφότερος	vocative	5
79	1	Τριόπαν	PROPN	Ne	Case=Acc|Gender=Masc|Number=Sing	Τριόπας	obj	5
79	2	τε	CCONJ	C-		τε	cc	1
79	3	καὶ	CCONJ	C-		καί	cc	1
79	4	υἱέα	NOUN	Nb	Case=Acc|Gender=Masc|Number=Sing	υἱός	conj	1
79	5	κικλήσκοισα	VERB	V-	Aspect=Perf|Mood=Opt|Number=Sing|Person=3|Tense=Past|VerbForm=Fin|Voice=Act	κικλήσκω	ROOT	5
79	6	.	PUNCT	Z		.	punct	5
80	0	τὰν	DET	Pp	Case=Acc|Definite=Def|Gender=Fem|Number=Sing|PronType=Dem	ὅς	det	5
80	1	δὲ	ADV	Df		δέ	discourse	4
80	2	γυνὰ	PROPN	Ne	Case=Nom|Gender=Fem|Number=Sing	γυνὰ	nsubj	4
80	3	βαρύθυμος	ADJ	A-	Case=Nom|Degree=Pos|Gender=Fem|Number=Sing	βαρύθυμος	advmod	4
80	4	ἀμείβετο	VERB	V-	Aspect=Imp|Mood=Ind|Number=Sing|Person=3|Tense=Past|VerbForm=Fin|Voice=Mid	ἀμείβω	ROOT	4
80	5	δάκρυ	NOUN	Nb	Case=Acc|Gender=Neut|Number=Sing	δάκρυον	obj	4
80	6	χέοισα	VERB	V-	Case=Nom|Gender=Fem|Number=Sing|Tense=Pres|VerbForm=Part|Voice=Act	χέω	advcl	4
81	0	νεῖταί	VERB	V-	Mood=Ind|Number=Sing|Person=3|Tense=Fut|VerbForm=Fin|Voice=Mid	νέω	ROOT	0
81	1	τοι	PRON	Pp	Case=Dat|Gender=Masc|Number=Sing|Person=2|PronType=Prs	σύ	iobj	0
81	2	Τριόπας	NOUN	Nb	Case=Acc|Gender=Fem|Number=Plur	Τριόπας	obj	0
81	3	,	PUNCT	Z	Aspect=Perf|Mood=Ind|Number=Sing|Person=3|Tense=Past|VerbForm=Fin|Voice=Act	,	parataxis	0
81	4	Ἐρυσίχθονα	PROPN	Ne	Case=Acc|Gender=Masc|Number=Sing	Ἐρυσίχθων	obj	6
81	5	δʼ	ADV	Df		δέ	discourse	6
81	6	ἤλασε	VERB	V-	Aspect=Perf|Mood=Ind|Number=Sing|Person=3|Tense=Past|VerbForm=Fin|Voice=Act	ἐλαύνω	conj	0
81	7	κάπρος	NOUN	Nb	Case=Nom|Gender=Masc|Number=Sing	κάπρος	nsubj	6
82	0	Πίνδον	PROPN	Ne	Case=Acc|Gender=Masc|Number=Sing	Πίνδος	obj	2
82	1	ἀνʼ	ADV	Df		ἀνά	discourse	0
82	2	εὐάγκειαν	NOUN	Nb	Case=Acc|Gender=Fem|Number=Sing	εὐάγκεια	ROOT	2
82	3	,	PUNCT	Z		,	ROOT	3
82	4	ὁ	PRON	Pp	Case=Nom|Gender=Masc|Number=Sing|Person=3|PronType=Prs	ὁ	nsubj	8
82	5	δʼ	ADV	Df		δέ	discourse	8
82	6	ἐννέα	NUM	Ma		ἐννέα	nummod	7
82	7	φάεα	NOUN	Nb	Case=Acc|Gender=Neut|Number=Plur	φάος	obj	8
82	8	κεῖται	VERB	V-	Mood=Ind|Number=Sing|Person=3|Tense=Pres|VerbForm=Fin|Voice=Mid	κεῖμαι	ROOT	8
82	9	.	PUNCT	Z		.	punct	8
83	0	δειλαία	ADJ	A-	Case=Voc|Degree=Pos|Gender=Fem|Number=Sing	δείλαιος	amod	1
83	1	φιλότεκνε	ADJ	A-	Case=Voc|Degree=Pos|Gender=Masc|Number=Sing	φιλότεκνε	vocative	2
83	2	,	PUNCT	Z		,	vocative	6
83	3	τί	PRON	Pi	Case=Acc|Gender=Neut|Number=Sing|PronType=Int	τίς	obl	6
83	4	δʼ	ADV	Df		δέ	discourse	6
83	5	οὐκ	ADV	Df	Polarity=Neg	οὐ	advmod	6
83	6	ἐψεύσαο	VERB	V-	Aspect=Perf|Mood=Ind|Number=Sing|Person=2|Tense=Past|VerbForm=Fin|Voice=Mid	ἐψεύσαο	ROOT	6
83	7	,	PUNCT	Z	Aspect=Perf|Mood=Ind|Number=Sing|Person=2|Tense=Past|VerbForm=Fin|Voice=Act	,	appos	3
83	8	μᾶτερ	NOUN	Nb	Case=Voc|Gender=Fem|Number=Sing	μήτηρ	vocative	6
83	9	;	PUNCT	Z		;	appos	3
84	0	δαίνυεν	VERB	V-	Aspect=Imp|Mood=Ind|Number=Sing|Person=3|Tense=Past|VerbForm=Fin|Voice=Act	δαίνυεν	ROOT	0
84	1	εἰλαπίναν	NOUN	Nb	Case=Acc|Gender=Fem|Number=Sing	εἰλαπίναν	obj	0
84	2	τις	ADJ	Px	Case=Nom|Gender=Masc|Number=Sing	τίς	nsubj	0
84	3	·	PUNCT	Z		·	punct	0
84	4	ἐν	ADP	R-		ἐν	case	5
84	5	ἀλλοτρίοις	ADJ	A-	Case=Dat|Degree=Pos|Gender=Neut|Number=Plur	ἀλλότριος	orphan	6
84	6	Ἐρυσίχθων	PROPN	Ne	Case=Nom|Gender=Masc|Number=Sing	Ἐρυσίχθων	ROOT	6
84	7	.	PUNCT	Z		.	punct	6
85	0	ἄγετό	VERB	V-	Aspect=Imp|Mood=Ind|Number=Sing|Person=3|Tense=Past|VerbForm=Fin|Voice=Mid	ἄγετό	ROOT	0
85	1	τις	DET	Px	Case=Nom|Gender=Masc|Number=Sing	τίς	det	2
85	2	νύμφαν	NOUN	Nb	Case=Acc|Gender=Fem|Number=Sing	νύμφη	obj	0
85	3	·	PUNCT	Z		·	punct	0
85	4	Ἐρυσίχθονα	PROPN	Ne	Case=Acc|Gender=Masc|Number=Sing	Ἐρυσίχθων	obj	6
85	5	δίσκος	NOUN	Nb	Case=Nom|Gender=Masc|Number=Sing	δίσκος	nsubj	6
85	6	ἔτυψεν	VERB	V-	Aspect=Perf|Mood=Ind|Number=Sing|Person=3|Tense=Past|VerbForm=Fin|Voice=Act	τύπτω	ROOT	6
85	7	,	PUNCT	Z		,	punct	6
86	0	ἢ	CCONJ	C-		ἤ	cc	1
86	1	ἔπεσʼ	ADV	V-		πίπτω	ROOT	1
86	2	ἐξ	ADP	R-		ἐκ	case	3
86	3	ἵππων	NOUN	Nb	Case=Gen|Gender=Masc|Number=Plur	ἵππος	obl	1
86	4	,	PUNCT	Z		,	punct	1
86	5	ἢ	CCONJ	C-		ἤ	ROOT	5
86	6	ἐν	ADP	R-		ἐν	case	7
86	7	Ὄθρυϊποίμνἰ	PROPN	Ne	Case=Dat|Gender=Fem|Number=Sing	Ὄθρυϊποίμνἰ	obl	8
86	8	ἀμιθρεῖ	NOUN	Ne		ἀμιθρέω	ROOT	8
86	9	.	PUNCT	Z		.	punct	8
86	10	ἀμιθρεῖ	NOUN	Ne		ἀμιθρέω	ROOT	10
86	11	Ruhnken	PROPN	Ne		Ruhnken	vocative	10
86	12	,	PUNCT	Z		,	parataxis	10
86	13	Valckenaer	VERB	V-	Mood=Ind|Number=Sing|Person=2|Tense=Pres|VerbForm=Fin|Voice=Act	Valckenaerς	vocative	10
86	14	;	PUNCT	Z		;	cc	10
86	15	ἀμι	NOUN	Nb		ἀμι	conj	10
86	16	-	ADV	Ne		-	dep	10
86	17	A	PROPN	Ne		A	vocative	10
86	18	,	PUNCT	Z		,	cc	10
86	19	ἀμ᾽	PROPN	Pp		ἀμ᾽	vocative	10
86	20	E	ADV	A-		E	dep	10
86	21	,	PUNCT	Z		,	cc	10
86	22	ἀριθμεῖ	VERB	V-	Mood=Ind|Number=Sing|Person=3|Tense=Pres|VerbForm=Fin|Voice=Act	ἀριθμέω	conj	10
86	23	d	VERB	V-	Mood=Ind|Number=Sing|Person=2|Tense=Pres|VerbForm=Fin|Voice=Act	d	nsubj	22
86	24	;	PUNCT	Z		;	cc	10
86	25	ἀμέλγει	VERB	V-	Mood=Ind|Number=Sing|Person=3|Tense=Pres|VerbForm=Fin|Voice=Act	ἀμέλγω	conj	10
86	26	F.	PUNCT	Z		F.	punct	10
87	0	ἐνδόμυχος	ADJ	A-	Case=Nom|Degree=Pos|Gender=Masc|Number=Sing	ἐνδόμυχος	amod	1
87	1	δἤπειτα	ADV	Df		ἔπειτα	amod	3
87	2	πανάμερος	ADJ	A-	Case=Nom|Degree=Pos|Gender=Masc|Number=Sing	πανάμερος	amod	3
87	3	εἰλαπιναστὰς	NOUN	Nb	Case=Nom|Gender=Masc|Number=Sing	εἰλαπιναστής	ROOT	3
88	0	ἤσθιε	VERB	V-	Aspect=Imp|Mood=Ind|Number=Sing|Person=3|Tense=Past|VerbForm=Fin|Voice=Act	ἐσθίω	ROOT	0
88	1	μυρία	ADJ	A-	Case=Acc|Degree=Pos|Gender=Neut|Number=Plur	μυρίος	amod	2
88	2	πάντα	DET	Px	Case=Acc|Gender=Neut|Number=Plur	πᾶς	obj	0
88	3	·	PUNCT	Z		·	punct	0
88	4	κακὰ	ADJ	A-	Case=Acc|Degree=Pos|Gender=Neut|Number=Plur	κακός	obj	6
88	5	δʼ	ADV	Df		δέ	discourse	6
88	6	ἐξάλλετο	VERB	V-	Aspect=Imp|Mood=Ind|Number=Sing|Person=3|Tense=Past|VerbForm=Fin|Voice=Mid	ξάλλω	ROOT	6
88	7	γαστὴρ	NOUN	Nb	Case=Nom|Gender=Fem|Number=Sing	γαστήρ	nsubj	6
89	0	αἰεὶ	ADV	Df		ἀεί	advmod	2
89	1	μᾶλλον	ADV	Df	Degree=Cmp	μᾶλλον	advmod	2
89	2	ἔδοντι	VERB	V-	Case=Dat|Gender=Masc|Number=Sing|Tense=Pres|VerbForm=Part|Voice=Act	ἔδω	ROOT	2
89	3	,	PUNCT	Z		,	obl	2
89	4	τὰ	DET	S-	Case=Acc|Definite=Def|Gender=Neut|Number=Plur|PronType=Dem	ὁ	det	7
89	5	δʼ	ADV	Df		δέ	discourse	4
89	6	ἐς	ADP	R-		εἰς	case	7
89	7	βυθὸν	NOUN	Nb	Case=Acc|Gender=Masc|Number=Sing	βυθός	ROOT	7
89	8	οἷα	PRON	Pr	Case=Acc|Gender=Neut|Number=Plur|PronType=Rel	οἷος	appos	7
89	9	θαλάσσας	NOUN	Nb	Case=Acc|Gender=Fem|Number=Plur	θάλασσα	nmod	8
90	0	ἀλεμάτως	ADJ	A-	Case=Acc|Degree=Pos|Gender=Masc|Number=Plur	ἀλεμάτως	advmod	2
90	1	ἀχάριστα	ADJ	A-	Case=Acc|Degree=Pos|Gender=Neut|Number=Plur	ἀχάριστος	amod	3
90	2	κατέρρεεν	VERB	V-	Aspect=Imp|Mood=Ind|Number=Sing|Person=3|Tense=Past|VerbForm=Fin|Voice=Act	κατέρρεεν	ROOT	2
90	3	εἴδατα	NOUN	Nb	Case=Acc|Gender=Neut|Number=Plur	εἶδαρ	obj	2
90	4	πάντα	DET	Px	Case=Acc|Gender=Neut|Number=Plur	πᾶς	det	3
90	5	.	PUNCT	Z		.	punct	2
91	0	ὡς	ADV	Df		ὡς	ROOT	0
91	1	δὲ	ADV	Df		δέ	discourse	2
91	2	Μίμαντι	NOUN	Nb	Case=Dat|Gender=Masc|Number=Sing	Μίμαντι	dep	0
91	3	χιών	NOUN	Nb	Case=Gen|Gender=Masc|Number=Plur	χιών	nmod	2
91	4	,	PUNCT	Z		,	iobj	0
91	5	ὡς	ADV	Df		ὡς	mark	7
91	6	ἀελίῳ	ADJ	A-	Case=Dat|Degree=Pos|Gender=Masc|Number=Sing	ἀελῖος	iobj	7
91	7	ἔνι	VERB	V-	Mood=Ind|Number=Sing|Person=3|Tense=Pres|VerbForm=Fin|Voice=Act	ἔνι	ROOT	7
91	8	πλαγγών	NOUN	A-	Case=Nom|Gender=Fem|Number=Sing	πλαγγών	nsubj	7
91	9	,	PUNCT	Z		,	ROOT	9
92	0	καὶ	CCONJ	C-		καί	cc	4
92	1	τούτων	ADJ	Pd	Case=Gen|Gender=Neut|Number=Plur	οὗτος	nmod	3
92	2	ἔτι	ADV	Df		ἔτι	discourse	1
92	3	μεῖζον	ADJ	A-	Case=Nom|Degree=Cmp|Gender=Neut|Number=Sing	μέγας	nsubj:pass	4
92	4	ἐτάκετο	VERB	V-	Aspect=Imp|Mood=Ind|Number=Sing|Person=3|Tense=Past|VerbForm=Fin|Voice=Pass	τάκομαι	ROOT	4
92	5	μέσφʼ	ADV	Df		μέσφα	dep	4
92	6	ἐπὶ	ADP	R-		ἐπί	case	7
92	7	νευράς	NOUN	Nb	Case=Gen|Gender=Fem|Number=Sing	νευρά	obl	5
92	8	·	PUNCT	Z		·	punct	4
93	0	δειλαίῳ	ADJ	A-	Case=Dat|Degree=Pos|Gender=Masc|Number=Sing	δειλαῖος	ROOT	0
93	1	ἶνές	NOUN	Nb	Case=Nom|Gender=Fem|Number=Plur	ἴς	nsubj:pass	6
93	2	τε	CCONJ	C-		τε	cc	1
93	3	καὶ	CCONJ	C-		καί	cc	1
93	4	ὀστέα	NOUN	Nb	Case=Nom|Gender=Neut|Number=Plur	ὀστέον	conj	1
93	5	μῶνον	ADJ	A-	Case=Nom|Degree=Pos|Gender=Neut|Number=Sing	μῶνος	amod	1
93	6	ἔλειφθεν	VERB	V-	Aspect=Perf|Mood=Ind|Number=Plur|Person=1|Tense=Past|VerbForm=Fin|Voice=Pass	λείπω	ROOT	6
93	7	.	PUNCT	Z		.	punct	6
94	0	κλαῖε	VERB	V-	Aspect=Imp|Mood=Ind|Number=Sing|Person=3|Tense=Past|VerbForm=Fin|Voice=Act	κλαίω	ROOT	0
94	1	μὲν	ADV	Df		μέν	discourse	0
94	2	ἁ	DET	S-	Case=Nom|Definite=Def|Gender=Fem|Number=Sing|PronType=Dem	ὁ	det	3
94	3	μάτηρ	NOUN	Nb	Case=Nom|Gender=Fem|Number=Sing	μήτηρ	nsubj	0
94	4	,	PUNCT	Z	Aspect=Imp|Mood=Ind|Number=Sing|Person=3|Tense=Past|VerbForm=Fin|Voice=Act	,	cc	0
94	5	βαρὺ	ADJ	A-	Case=Acc|Degree=Pos|Gender=Neut|Number=Sing	βαρύς	advmod	7
94	6	δʼ	ADV	Df		δέ	discourse	7
94	7	ἔστενον	VERB	V-	Aspect=Imp|Mood=Ind|Number=Plur|Person=3|Tense=Past|VerbForm=Fin|Voice=Act	γιστενώσκω	conj	0
94	8	αἱ	DET	S-	Case=Nom|Definite=Def|Gender=Fem|Number=Plur|PronType=Dem	ὁ	det	10
94	9	δ̣̣̔̓	ADV	Df		δ̣̣̔̓	discourse	10
94	10	ἀδελφαὶ	NOUN	Nb	Case=Nom|Gender=Fem|Number=Plur	ἀδελφή	nsubj	7
95	0	χὡ	DET	S-	Case=Nom|Definite=Def|Gender=Masc|Number=Sing|PronType=Dem	χὡ	det	1
95	1	μαστὸς	NOUN	Nb	Case=Nom|Gender=Masc|Number=Sing	μαστός	ROOT	1
95	2	τὸν	PRON	Pr	Case=Acc|Gender=Masc|Number=Sing|PronType=Rel	ὁ	obj	3
95	3	ἔπωνε	VERB	V-	Aspect=Imp|Mood=Ind|Number=Sing|Person=3|Tense=Past|VerbForm=Fin|Voice=Act	ἔπωνε	acl	1
95	4	καὶ	CCONJ	C-		καί	cc	1
95	5	αἱ	DET	S-	Case=Nom|Definite=Def|Gender=Fem|Number=Plur|PronType=Dem	ὁ	det	8
95	6	δέκα	NUM	Ma		δέκα	nummod	8
95	7	πολλάκι	ADV	Df		πολλάκις	orphan	8
95	8	δῶλαι	NOUN	Nb	Case=Nom|Gender=Fem|Number=Plur	δῶλη	conj	1
95	9	.	PUNCT	Z		.	punct	1
96	0	καὶ	ADV	Df		καί	advmod	7
96	1	δʼ	ADV	Df		δέ	discourse	7
96	2	αὐτὸς	ADJ	Pd	Case=Nom|Gender=Masc|Number=Sing	αὐτός	nsubj	7
96	3	Τριόπας	ADJ	A-	Case=Acc|Degree=Pos|Gender=Fem|Number=Plur	Τριόπης	obj	7
96	4	πολιαῖς	NOUN	Nb	Case=Dat|Gender=Fem|Number=Plur	πολιή	obl	7
96	5	ἐπὶ	ADP	R-		ἐπί	case	6
96	6	χεῖρας	NOUN	Nb	Case=Acc|Gender=Fem|Number=Plur	χείρ	obl	7
96	7	ἔβαλλε	VERB	V-	Aspect=Imp|Mood=Ind|Number=Sing|Person=3|Tense=Past|VerbForm=Fin|Voice=Act	βάλλω	ROOT	7
96	8	,	PUNCT	Z		,	punct	7
97	0	τοῖα	ADJ	Pd	Case=Acc|Gender=Neut|Number=Plur	τοῖος	ROOT	0
97	1	τὸν	DET	S-	Case=Acc|Definite=Def|Gender=Masc|Number=Sing|PronType=Dem	ὁ	det	3
97	2	οὐκ	ADV	Df	Polarity=Neg	οὐ	advmod	3
97	3	ἀίοντα	VERB	V-	Case=Acc|Gender=Masc|Number=Sing|Tense=Pres|VerbForm=Part|Voice=Act	ἀίω	obj	5
97	4	Ποσειδάωνα	PROPN	Nb	Case=Acc|Gender=Masc|Number=Sing	Ποσειδῶν	obj	5
97	5	καλιστρέων	VERB	V-	Case=Nom|Gender=Masc|Number=Sing|Tense=Pres|VerbForm=Part|Voice=Act	καλιστρέω	acl	0
97	6	·	PUNCT	Z		·	ROOT	6
98	0	ψευδοπάτωρ	NOUN	Nb	Case=Nom|Gender=Masc|Number=Sing	ψευδοπάτωρ	vocative	1
98	1	ἰδὲ	VERB	V-	Aspect=Perf|Mood=Imp|Number=Sing|Person=2|Tense=Past|VerbForm=Fin|Voice=Act	ἰδέ	ROOT	1
98	2	τόνδε	ADJ	Pd	Case=Acc|Gender=Masc|Number=Sing	ὅδε	obj	1
98	3	τεοῦ	CCONJ	C-		σύ	dep	1
98	4	τρίτον	ADJ	Mo	Case=Acc|Gender=Masc|Number=Sing	τρίτος	xcomp	1
98	5	,	PUNCT	Z		,	dep	1
98	6	εἴπερ	SCONJ	G-		εἴπερ	mark	7
98	7	ἐγὼ	PRON	Pp	Case=Nom|Gender=Masc|Number=Sing|Person=1|PronType=Prs	ἐγώ	ROOT	7
98	8	μὲν	ADV	Df		μέν	discourse	7
99	0	σεῦ	PRON	Pp	Case=Gen|Gender=Masc|Number=Sing|Person=2|PronType=Prs	σύ	det	6
99	1	τε	CCONJ	C-		τε	cc	0
99	2	καὶ	CCONJ	C-		καί	cc	0
99	3	Αἰολίδος	ADJ	A-	Case=Gen|Degree=Pos|Gender=Fem|Number=Sing	Αἰολίδος	dep	4
99	4	Κανάκας	VERB	V-	Aspect=Perf|Case=Nom|Gender=Masc|Number=Sing|Tense=Past|VerbForm=Part|Voice=Act	Κανάξ	conj	0
99	5	γένος	NOUN	Nb	Case=Acc|Gender=Neut|Number=Sing	γένος	obj	4
99	6	,	PUNCT	Z		,	ROOT	6
99	7	αὐτὰρ	ADV	Df		ἀτάρ	ROOT	7
99	8	ἐμεῖο	PRON	Pp	Case=Gen|Gender=Masc|Number=Sing|Person=1|PronType=Prs	ἐγώ	det	7
100	0	τοῦτο	DET	Pd	Case=Nom|Gender=Neut|Number=Sing	οὗτος	det	4
100	1	τὸ	DET	S-	Case=Nom|Definite=Def|Gender=Neut|Number=Sing|PronType=Dem	ὁ	det	4
100	2	δείλαιον	ADJ	A-	Case=Nom|Degree=Pos|Gender=Neut|Number=Sing	δείλαιος	amod	3
100	3	γένετο	VERB	V-	Aspect=Perf|Mood=Ind|Number=Sing|Person=3|Tense=Past|VerbForm=Fin|Voice=Mid	γίγνομαι	ROOT	3
100	4	βρέφος	NOUN	Nb	Case=Nom|Gender=Neut|Number=Sing	βρέφος	nsubj	3
100	5	·	PUNCT	Z		·	punct	3
100	6	αἴθε	VERB	V-	Aspect=Imp|Mood=Ind|Number=Sing|Person=3|Tense=Past|VerbForm=Fin|Voice=Act	εἴθε	ROOT	6
100	7	γὰρ	ADV	Df		γάρ	discourse	6
100	8	αὐτὸν	PRON	Pp	Case=Acc|Gender=Masc|Number=Sing|Person=3|PronType=Prs	αὐτός	obj	6
101	0	βλητὸν	ADJ	A-	Case=Acc|Degree=Pos|Gender=Neut|Number=Sing	βλητός	obj	5
101	1	ὑπʼ	ADP	R-		ὑπό	case	2
101	2	Ἀπόλλωνος	PROPN	Ne	Case=Gen|Gender=Masc|Number=Sing	Ἀπόλλων	obl	5
101	3	ἐμαὶ	ADJ	A-	Case=Nom|Degree=Pos|Gender=Fem|Number=Plur	ἐμός	amod	4
101	4	χέρες	NOUN	Nb	Case=Nom|Gender=Fem|Number=Plur	χείρ	nsubj	5
101	5	ἐκτερέιξαν	VERB	V-	Aspect=Perf|Mood=Ind|Number=Plur|Person=3|Tense=Past|VerbForm=Fin|Voice=Act	κτερεΐζω	ROOT	5
101	6	·	PUNCT	Z		·	punct	5
102	0	νῦν	ADV	Df		νῦν	advmod	6
102	1	δὲ	ADV	Df		δέ	discourse	6
102	2	κακὰ	ADJ	A-	Case=Nom|Degree=Pos|Gender=Neut|Number=Plur	κακός	amod	3
102	3	βούβρωστις	NOUN	Nb	Case=Nom|Gender=Fem|Number=Sing	βούβρωστις	nsubj	6
102	4	ἐν	ADP	R-		ἐν	case	5
102	5	ὀφθαλμοῖσι	NOUN	Nb	Case=Dat|Gender=Masc|Number=Plur	ὀφθαλμός	obl	6
102	6	κάθηται	VERB	V-	Mood=Ind|Number=Sing|Person=3|Tense=Pres|VerbForm=Fin|Voice=Mid	κάθημαι	ROOT	6
102	7	.	PUNCT	Z		.	punct	6
103	0	ἤ	CCONJ	C-		ἤ	cc	2
103	1	οἱ	PRON	Pp	Case=Dat|Gender=Masc|Number=Sing|Person=3|PronType=Prs	ὁ	iobj	2
103	2	ἀπόστασον	VERB	V-	Aspect=Perf|Mood=Imp|Number=Sing|Person=2|Tense=Past|VerbForm=Fin|Voice=Act	ἀπόστασος	ROOT	2
103	3	χαλεπὰν	ADJ	A-	Case=Acc|Degree=Pos|Gender=Fem|Number=Sing	χαλεπή	amod	4
103	4	νόσον	NOUN	Nb	Case=Acc|Gender=Fem|Number=Sing	νόσος	obj	2
103	5	ἠέ	CCONJ	C-		ἤ	cc	2
103	6	νιν	PRON	Pp	Case=Acc|Gender=Masc|Number=Sing|Person=3|PronType=Prs	νιν	conj	2
103	7	αὐτὸς	DET	Pd	Case=Nom|Gender=Masc|Number=Sing	αὐτός	det	2
104	0	βόσκε	VERB	V-	Mood=Imp|Number=Sing|Person=2|Tense=Pres|VerbForm=Fin|Voice=Act	βόσκω	ROOT	0
104	1	λαβών	VERB	V-	Aspect=Perf|Case=Nom|Gender=Masc|Number=Sing|Tense=Past|VerbForm=Part|Voice=Act	λαμβάνω	advcl	0
104	2	·	PUNCT	Z		·	punct	0
104	3	ἁμαὶ	NOUN	Nb	Case=Dat|Gender=Fem|Number=Sing	ἐμός	iobj	5
104	4	γὰρ	ADV	Df		γάρ	discourse	5
104	5	ἀπειρήκαντι	VERB	V-	Aspect=Perf|Mood=Ind|Number=Plur|Person=3|Tense=Past|VerbForm=Fin|Voice=Act	ἀπειρήκαντι	ROOT	5
104	6	τράπεζαι	NOUN	Nb	Case=Nom|Gender=Fem|Number=Plur	τράπεζα	nsubj	5
104	7	.	PUNCT	Z		.	punct	5
105	0	χῆραι	NOUN	Nb	Case=Nom|Gender=Fem|Number=Plur	χῆρος	nsubj	3
105	1	μὲν	ADV	Df		μέν	discourse	0
105	2	μάνδραι	NOUN	Nb	Case=Nom|Gender=Fem|Number=Plur	μάνδρα	nsubj	0
105	3	,	PUNCT	Z	Case=Nom|Definite=Def|Gender=Fem|Number=Plur|PronType=Dem	,	ROOT	3
105	4	κενεαὶ	ADJ	A-	Case=Nom|Degree=Pos|Gender=Fem|Number=Plur	κενός	amod	7
105	5	δέ	ADV	Df		δέ	discourse	7
105	6	μοι	PRON	Pp	Case=Dat|Gender=Masc|Number=Sing|Person=1|PronType=Prs	ἐγώ	orphan	7
105	7	αὔλιες	NOUN	Nb	Case=Nom|Gender=Fem|Number=Plur	αὔλιες	conj	3
105	8	ἤδη	ADV	Df		ἤδη	dep	7
106	0	τετραπόδων	ADJ	A-	Case=Gen|Degree=Pos|Gender=Masc|Number=Plur	τετράπους	ROOT	0
106	1	,	PUNCT	Z		,	ROOT	1
106	2	ἤδη	ADV	Df		ἤδη	advmod	4
106	3	γὰρ	ADV	Df		γάρ	discourse	4
106	4	ἀπαρνήσαντο	VERB	V-	Aspect=Perf|Mood=Ind|Number=Plur|Person=3|Tense=Past|VerbForm=Fin|Voice=Mid	ἀπαρνήσαμι	ROOT	4
106	5	μάγειροι	NOUN	Nb	Case=Nom|Gender=Masc|Number=Plur	μάγειρος	nsubj	4
106	6	.	PUNCT	Z		.	punct	4
107	0	ἀλλὰ	CCONJ	C-		ἀλλά	cc	4
107	1	καὶ	ADV	Df		καί	advmod	4
107	2	οὐρῆας	NOUN	Nb	Case=Acc|Gender=Masc|Number=Plur	ὀρεύς	obj	4
107	3	μεγαλᾶν	ADJ	A-	Case=Acc|Degree=Pos|Gender=Fem|Number=Sing	μέγας	amod	2
107	4	ὑπέλυσαν	VERB	V-	Aspect=Perf|Mood=Ind|Number=Plur|Person=3|Tense=Past|VerbForm=Fin|Voice=Act	ὑπέλυσαν	ROOT	4
107	5	ἁμαξᾶν	NOUN	Nb	Case=Acc|Gender=Fem|Number=Sing	ἁμαξᾶν	obj	4
107	6	,	PUNCT	Z		,	punct	4
108	0	καὶ	ADV	Df		καί	advmod	3
108	1	τὰν	DET	S-	Case=Acc|Definite=Def|Gender=Fem|Number=Sing|PronType=Dem	ὅς	det	2
108	2	βῶν	PROPN	Ne	Case=Acc|Gender=Fem|Number=Sing	βοῦς	obj	3
108	3	ἔφαγεν	VERB	V-	Aspect=Perf|Mood=Ind|Number=Sing|Person=3|Tense=Past|VerbForm=Fin|Voice=Act	ἐσθίω	ROOT	3
108	4	,	PUNCT	Z	Case=Nom|Definite=Def|Gender=Fem|Number=Sing|PronType=Dem	,	cc	3
108	5	τὰν	PRON	Pr	Case=Acc|Gender=Fem|Number=Sing|PronType=Rel	ὁ	obj	7
108	6	Ἑστίᾳ	NOUN	Nb	Case=Dat|Gender=Fem|Number=Sing	Ἑστία	xcomp	7
108	7	ἔτρεφε	VERB	V-	Aspect=Imp|Mood=Ind|Number=Sing|Person=3|Tense=Past|VerbForm=Fin|Voice=Act	τρέφω	acl	4
108	8	μάτηρ	NOUN	Nb	Case=Nom|Gender=Fem|Number=Sing	μήτηρ	nsubj	7
108	9	,	PUNCT	Z		,	appos	8
109	0	καὶ	CCONJ	C-		καί	cc	2
109	1	τὰν	DET	S-	Case=Acc|Definite=Def|Gender=Fem|Number=Sing|PronType=Dem	ὅς	det	2
109	2	ἀεθλοφόρον	ADJ	A-	Case=Acc|Degree=Pos|Gender=Masc|Number=Sing	ἀεθλοφόρος	ROOT	2
109	3	καὶ	CCONJ	C-		καί	cc	2
109	4	τὸν	DET	S-	Case=Acc|Definite=Def|Gender=Masc|Number=Sing|PronType=Dem	ὁ	det	6
109	5	πολεμήιον	ADJ	A-	Case=Acc|Degree=Pos|Gender=Masc|Number=Sing	πολεμήιος	amod	6
109	6	ἵππον	NOUN	Nb	Case=Acc|Gender=Masc|Number=Sing	ἵππος	conj	2
109	7	,	PUNCT	Z		,	ROOT	7
110	0	καὶ	CCONJ	C-		καί	ROOT	0
110	1	τὰν	DET	S-	Case=Acc|Definite=Def|Gender=Fem|Number=Sing|PronType=Dem	ὅς	det	2
110	2	αἴλουρον	NOUN	Nb	Case=Acc|Gender=Masc|Number=Sing	αἴλουρος	ROOT	2
110	3	,	PUNCT	Z	Aspect=Imp|Mood=Ind|Number=Sing|Person=3|Tense=Past|VerbForm=Fin|Voice=Act	,	appos	2
110	4	τὰν	PRON	Pr	Case=Acc|Gender=Fem|Number=Sing|PronType=Rel	ὁ	obj	5
110	5	ἔτρεμε	VERB	V-	Aspect=Imp|Mood=Ind|Number=Sing|Person=3|Tense=Past|VerbForm=Fin|Voice=Act	τρέμω	acl	3
110	6	θηρία	NOUN	Nb	Case=Nom|Gender=Neut|Number=Plur	θηρίον	nsubj	5
110	7	μικκά	ADJ	A-	Case=Acc|Degree=Pos|Gender=Neut|Number=Plur	μικκά	amod	6
110	8	.	PUNCT	Z		.	punct	2
111	0	μέσφʼ	SCONJ	G-		μέσφα	ROOT	0
111	1	ὅκα	SCONJ	G-		ὅτε	obl	7
111	2	μὲν	ADV	Df		μέν	discourse	7
111	3	Τριόπαο	ADJ	A-	Case=Gen|Degree=Pos|Gender=Masc|Number=Sing	Τριόπαο	nmod	4
111	4	δόμοις	NOUN	Nb	Case=Dat|Gender=Masc|Number=Plur	δόμος	obl	7
111	5	ἔνι	ADP	R-		ἔνι	dep	4
111	6	χρήματα	NOUN	Nb	Case=Nom|Gender=Neut|Number=Plur	χρῆμα	nsubj:pass	7
111	7	κεῖτο	VERB	V-	Aspect=Imp|Mood=Ind|Number=Sing|Person=3|Tense=Past|VerbForm=Fin|Voice=Pass	κεῖμαι	advcl	0
111	8	,	PUNCT	Z		,	punct	0
112	0	μῶνοι	ADJ	A-	Case=Nom|Degree=Pos|Gender=Masc|Number=Plur	μῶνος	amod	3
112	1	ἄρʼ	ADV	Df		ἄρα	discourse	5
112	2	οἰκεῖοι	ADJ	A-	Case=Nom|Degree=Pos|Gender=Masc|Number=Plur	οἰκεῖος	amod	3
112	3	θάλαμοι	NOUN	Nb	Case=Nom|Gender=Masc|Number=Plur	θάλαμος	nsubj	5
112	4	κακὸν	ADJ	A-	Case=Acc|Degree=Pos|Gender=Neut|Number=Sing	κακός	obj	5
112	5	ἠπίσταντο	VERB	V-	Aspect=Imp|Mood=Ind|Number=Plur|Person=3|Tense=Past|VerbForm=Fin|Voice=Mid	ἐπίσταμαι	ROOT	5
112	6	.	PUNCT	Z		.	punct	5
113	0	ἀλλʼ	CCONJ	C-		ἀλλά	cc	6
113	1	ὅκα	SCONJ	G-		ὅτε	mark	5
113	2	τὸν	DET	S-	Case=Acc|Definite=Def|Gender=Masc|Number=Sing|PronType=Dem	ὁ	det	4
113	3	βαθὺν	ADJ	A-	Case=Acc|Degree=Pos|Gender=Masc|Number=Sing	βαθύς	amod	4
113	4	οἶκον	NOUN	Nb	Case=Acc|Gender=Masc|Number=Sing	οἶκος	obj	5
113	5	ἀνεξήραναν	VERB	V-	Aspect=Perf|Mood=Ind|Number=Plur|Person=3|Tense=Past|VerbForm=Fin|Voice=Act	ἀνεξήρανα	advcl	6
113	6	ἀνεξήραναν	VERB	V-	Aspect=Perf|Mood=Ind|Number=Plur|Person=3|Tense=Past|VerbForm=Fin|Voice=Act	ἀνεξήρανα	ROOT	6
113	7	Ernesti	ADV	Nb		Ernesti	xcomp	6
113	8	;	PUNCT	Z		;	cc	6
113	9	ἀνεξήραινον	VERB	V-	Aspect=Imp|Mood=Ind|Number=Plur|Person=3|Tense=Past|VerbForm=Fin|Voice=Act	ἀνεξήραινον	conj	6
113	10	MSS.	PUNCT	Z		MSS.	punct	6
113	11	ὀδόντες	NOUN	Nb	Case=Nom|Gender=Masc|Number=Plur	ὀδούς	ROOT	11
113	12	,	PUNCT	Z		,	punct	11
114	0	καὶ	CCONJ	C-		καί	ROOT	0
114	1	τόχʼ	ADV	Df		τόχʼ	ROOT	1
114	2	ὁ	PRON	Pr	Case=Nom|Gender=Neut|Number=Sing|PronType=Rel	ὁ	nsubj	7
114	3	τῶ	DET	S-	Case=Dat|Definite=Def|Gender=Masc|Number=Sing|PronType=Dem	ὁ	det	5
114	4	βασιλῆος	NOUN	Nb	Case=Gen|Gender=Masc|Number=Sing	βασιλεύς	nmod	5
114	5	ἐνὶ	NUM	Ma	Case=Dat|Gender=Masc|Number=Sing	εἷς	iobj	7
114	6	τριόδοισι	NOUN	Nb	Case=Dat|Gender=Fem|Number=Plur	τριόδος	obl	7
114	7	καθῆστο	VERB	V-	Aspect=Imp|Mood=Ind|Number=Sing|Person=3|Tense=Past|VerbForm=Fin|Voice=Mid	κάθημαι	acl	1
115	0	αἰτίζων	VERB	V-	Case=Nom|Gender=Masc|Number=Sing|Tense=Pres|VerbForm=Part|Voice=Act	αἰτίζω	ROOT	0
115	1	ἀκόλως	ADV	Df	Degree=Pos	ἀκόλος	advmod	0
115	2	τε	CCONJ	C-		τε	cc	1
115	3	καὶ	CCONJ	C-		καί	cc	1
115	4	ἔκβολα	NOUN	Nb	Case=Acc|Gender=Neut|Number=Plur	ἔκβολον	conj	1
115	5	λύματα	NOUN	Nb	Case=Acc|Gender=Neut|Number=Plur	λῦμα	obj	0
115	6	δαιτός	NOUN	Nb	Case=Gen|Gender=Fem|Number=Sing	δαίς	nmod	5
115	7	.	PUNCT	Z		.	ROOT	7
116	0	Δάματερ	PROPN	Ne	Case=Voc|Gender=Masc|Number=Sing	Δημήτηρ	vocative	1
116	1	,	PUNCT	Z		,	ROOT	1
116	2	μὴ	ADV	Df	Polarity=Neg	μή	advmod	3
116	3	τῆνος	PROPN	Ne	Case=Nom|Gender=Masc|Number=Sing	τῆνος	ROOT	3
116	4	ἐμὶν	PRON	Pp	Case=Gen|Gender=Masc|Number=Plur|Person=2|PronType=Prs	ἐγώ	dislocated	3
116	5	φίλος	NOUN	Nb	Case=Nom|Gender=Masc|Number=Sing	φίλος	appos	3
116	6	,	PUNCT	Z		,	appos	3
116	7	ὅς	PRON	Pr	Case=Nom|Gender=Masc|Number=Sing|PronType=Rel	ὅς	nsubj	9
116	8	τοι	PRON	Pp	Case=Dat|Gender=Masc|Number=Sing|Person=2|PronType=Prs	σύ	iobj	9
116	9	ἀπεχθής	ADJ	V-	Case=Nom|Degree=Pos|Gender=Masc|Number=Sing	ἀπεχθής	acl	3
116	10	,	PUNCT	Z		,	punct	3
117	0	εἴη	AUX	V-	Mood=Opt|Number=Sing|Person=3|Tense=Pres|VerbForm=Fin|Voice=Act	εἰμί	cop	2
117	1	μηδʼ	CCONJ	C-		μηδέ	cc	2
117	2	ὁμότοιχος	ADJ	A-	Case=Nom|Degree=Pos|Gender=Fem,Masc|Number=Sing	ὁμότοιχος	ROOT	2
117	3	·	PUNCT	Z		·	ROOT	3
117	4	ἐμοὶ	PRON	Pp	Case=Dat|Gender=Masc|Number=Sing|Person=1|PronType=Prs	ἐγώ	iobj	6
117	5	κακογείτονες	ADJ	A-	Case=Nom|Degree=Pos|Gender=Masc|Number=Plur	κακογείτων	nsubj	6
117	6	ἐχθροί	ADJ	A-	Case=Nom|Degree=Pos|Gender=Masc|Number=Plur	ἐχθρός	ROOT	6
117	7	.	PUNCT	Z		.	punct	6
118	0	ᾄσατε	VERB	V-	Aspect=Perf|Mood=Imp|Number=Plur|Person=2|Tense=Past|VerbForm=Fin|Voice=Act	ᾄσατε	ROOT	0
118	1	ἄσατε	VERB	V-	Aspect=Perf|Mood=Imp|Number=Plur|Person=2|Tense=Past|VerbForm=Fin|Voice=Act	ἄσω	ccomp	0
118	2	F	ADJ	A-	Case=Acc|Gender=Neut|Number=Sing	F	obj	1
118	3	;	PUNCT	Z		;	vocative	0
118	4	om.	PUNCT	Z		om.	punct	0
118	5	AE.	ADV	Df		AE.	ROOT	5
118	6	παρθενικαί	ADJ	A-	Case=Nom|Degree=Pos|Gender=Fem|Number=Plur	παρθένος	ROOT	6
118	7	,	PUNCT	Z		,	punct	6
118	8	καὶ	CCONJ	C-		καί	cc	9
118	9	ἐπιφθέγξασθε	VERB	V-	Aspect=Perf|Mood=Imp|Number=Plur|Person=2|Tense=Past|VerbForm=Fin|Voice=Mid	ἐπιφθέγξασθε	ROOT	9
118	10	τεκοῖσαι	VERB	V-	Aspect=Perf|Case=Nom|Gender=Fem|Number=Plur|Tense=Past|VerbForm=Part|Voice=Act	τεκοῖσαι	advcl	9
119	0	Δάματερ	PROPN	Ne	Case=Voc|Gender=Masc|Number=Sing	Δημήτηρ	vocative	2
119	1	μέγα	ADJ	A-	Case=Acc|Degree=Pos|Gender=Neut|Number=Sing	μέγας	advmod	2
119	2	χαῖρε	VERB	V-	Mood=Imp|Number=Sing|Person=2|Tense=Pres|VerbForm=Fin|Voice=Act	χαίρω	ROOT	2
119	3	πολυτρόφε	ADJ	A-	Case=Voc|Degree=Pos|Gender=Masc|Number=Sing	πολυτρόφε	amod	4
119	4	πουλυμέδιμνε	PROPN	Ne	Case=Voc|Gender=Masc|Number=Sing	πουλυμέδιμνω	vocative	2
119	5	.	PUNCT	Z		.	punct	2
120	0	χὠς	PRON	Pi	Case=Nom|Gender=Masc|Number=Sing|PronType=Int	χὠς	ROOT	0
120	1	αἱ	DET	S-	Case=Nom|Definite=Def|Gender=Fem|Number=Plur|PronType=Dem	ὁ	det	2
120	2	χὠς	PRON	V-	Case=Nom|Gender=Masc|Number=Sing|PronType=Int	χὠς	nsubj	0
120	3	αἱ	DET	G-	Case=Nom|Definite=Def|Gender=Fem|Number=Plur|PronType=Dem	ὁ	det	4
120	4	Stephanus	SCONJ	V-		Stephanus	dep	0
120	5	;	PUNCT	Z		;	vocative	0
120	6	χὧσαι	VERB	V-	Aspect=Perf|Tense=Past|VerbForm=Inf|Voice=Act	χὧζω	conj	0
120	7	.	PUNCT	Z		.	punct	0
120	8	τὸν	DET	S-	Case=Acc|Definite=Def|Gender=Masc|Number=Sing|PronType=Dem	ὁ	det	9
120	9	κάλαθον	NOUN	Nb	Case=Acc|Gender=Masc|Number=Sing	κάλαθος	obj	12
120	10	λευκότριχες	ADJ	A-	Case=Nom|Degree=Pos|Gender=Masc|Number=Plur	λευκόθριξ	amod	11
120	11	ἵπποι	NOUN	Nb	Case=Nom|Gender=Masc|Number=Plur	ἵππος	nsubj	9
120	12	ἄγοντι	VERB	V-	Case=Dat|Gender=Masc|Number=Sing|Tense=Pres|VerbForm=Part|Voice=Act	ἄγω	ROOT	12
121	0	τέσσαρες	NUM	Ma		τέσσαρες	ROOT	0
121	1	,	PUNCT	Z	Aspect=Perf|Mood=Ind|Number=Sing|Person=3|Tense=Past|VerbForm=Fin|Voice=Mid	,	ROOT	1
121	2	ὣς	ADV	Dq	PronType=Rel	ὡς	advmod	6
121	3	ἁμὶν	PRON	Pp	Case=Dat|Gender=Masc|Number=Sing|Person=2|PronType=Prs	ἡμεῖς	obl	6
121	4	μεγάλα	ADJ	A-	Case=Nom|Degree=Pos|Gender=Fem|Number=Sing	μέγας	amod	5
121	5	θεὸς	NOUN	Nb	Case=Nom|Gender=Masc|Number=Sing	θεός	nsubj	6
121	6	εὐρυάνασσα	PROPN	Ne	Case=Nom|Gender=Masc|Number=Sing	εὐρυάναις	dep	1
122	0	λευκὸν	ADJ	A-	Case=Nom|Degree=Pos|Gender=Neut|Number=Sing	λευκός	amod	1
122	1	ἔαρ	NOUN	Nb	Case=Nom|Gender=Neut|Number=Sing	ἔαρ	ROOT	1
122	2	,	PUNCT	Z	Case=Nom|Gender=Neut|Number=Sing|Tense=Pres|VerbForm=Part|Voice=Pass	,	conj	1
122	3	λευκὸν	ADJ	A-	Case=Nom|Degree=Pos|Gender=Neut|Number=Sing	λευκός	amod	5
122	4	δὲ	ADV	Df		δέ	discourse	5
122	5	θέρος	NOUN	Nb	Case=Nom|Gender=Neut|Number=Sing	θέρος	conj	2
122	6	καὶ	CCONJ	C-		καί	cc	5
122	7	χεῖμα	NOUN	Nb	Case=Nom|Gender=Neut|Number=Sing	χεῖμα	conj	5
122	8	φέροισα	VERB	V-	Case=Nom|Gender=Fem|Number=Sing|Tense=Pres|VerbForm=Part|Voice=Act	φέρω	acl	1
123	0	ἡξεῖ	VERB	V-	Mood=Ind|Number=Sing|Person=3|Tense=Fut|VerbForm=Fin|Voice=Act	ἡξεῖ	ROOT	0
123	1	καὶ	CCONJ	C-		καί	cc	0
123	2	φθινόπωρον	NOUN	Nb	Case=Nom|Gender=Neut|Number=Sing	φθινόπωρος	nsubj	0
123	3	,	PUNCT	Z		,	punct	0
123	4	ἔτος	NOUN	Nb	Case=Acc|Gender=Neut|Number=Sing	ἔτος	obj	8
123	5	δʼ	ADV	Df		δέ	discourse	8
123	6	εἰς	ADP	R-		εἰς	case	7
123	7	ἄλλο	DET	Px	Case=Acc|Gender=Neut|Number=Sing	ἄλλος	det	8
123	8	φυλαξεῖ	VERB	V-	Mood=Ind|Number=Sing|Person=3|Tense=Fut|VerbForm=Fin|Voice=Act	φυλαξεῖ	ROOT	8
123	9	.	PUNCT	Z		.	punct	8
124	0	ὡς	SCONJ	G-		ὡς	mark	6
124	1	δʼ	ADV	Df		δέ	discourse	6
124	2	ἀπεδίλωτοι	ADJ	A-	Case=Nom|Degree=Pos|Gender=Masc|Number=Plur	ἀπεδίλωτος	amod	5
124	3	καὶ	CCONJ	C-		καί	cc	2
124	4	ἀνάμπυκες	ADJ	A-	Case=Nom|Degree=Pos|Gender=Fem,Masc|Number=Plur	ἀνάμπυξ	conj	2
124	5	ἄστυ	NOUN	Nb	Case=Acc|Gender=Neut|Number=Sing	ἄστυ	obj	6
124	6	πατεῦμες	VERB	V-	Mood=Ind|Number=Plur|Person=1|Tense=Pres|VerbForm=Fin|Voice=Act	πατεῦμες	ROOT	6
124	7	,	PUNCT	Z		,	punct	6
125	0	ὣς	ADV	Df		ὡς	ROOT	0
125	1	πόδας	NOUN	Nb	Case=Acc|Gender=Masc|Number=Plur	πούς	obj	0
125	2	,	PUNCT	Z		,	nmod	4
125	3	ὣς	ADV	Df		ὡς	advmod	6
125	4	κεφαλὰς	NOUN	Nb	Case=Acc|Gender=Fem|Number=Plur	κεφαλή	obj	6
125	5	παναπηρέας	ADJ	A-	Case=Acc|Degree=Pos|Gender=Fem,Masc|Number=Plur	παναπηρύς	amod	4
125	6	ἕξομες	VERB	V-	Aspect=Perf|Mood=Ind|Number=Sing|Person=2|Tense=Past|VerbForm=Fin|Voice=Mid	ἕξομες	ROOT	6
125	7	αἰεί	ADV	Df		ἀεί	advmod	6
125	8	.	PUNCT	Z		.	punct	6
126	0	ὡς	ADV	Df		ὡς	ROOT	0
126	1	δʼ	ADV	Df		δέ	discourse	0
126	2	αἱ	DET	Pp	Case=Nom|Definite=Def|Gender=Fem|Number=Plur|PronType=Dem	ὁ	nsubj	0
126	3	ὡς	ADV	Df		ὡς	advmod	0
126	4	αἱ	DET	S-	Case=Nom|Definite=Def|Gender=Fem|Number=Plur|PronType=Dem	ὁ	det	5
126	5	MSS.	PUNCT	Z		MSS.	nsubj	0
126	6	;	PUNCT	Z		;	ROOT	6
126	7	corr.	PUNCT	Z		corr.	punct	6
126	8	Meineke.	PUNCT	Z		Meineke.	ROOT	8
126	9	λικνοφόροι	NOUN	Nb	Case=Nom|Gender=Masc|Number=Plur	λικνοφόρος	vocative	14
126	10	χρυσῶ	NOUN	Nb	Case=Dat|Gender=Masc|Number=Sing	χρυσῶ	nmod	9
126	11	πλέα	ADJ	A-	Case=Acc|Degree=Pos|Gender=Neut|Number=Plur	πλέως	amod	12
126	12	λίκνα	NOUN	Nb	Case=Acc|Gender=Neut|Number=Plur	λίκνα	obj	13
126	13	φέροντι	VERB	V-	Case=Dat|Gender=Masc|Number=Sing|Tense=Pres|VerbForm=Part|Voice=Act	φέρω	acl	10
126	14	,	PUNCT	Z		,	ROOT	14
127	0	ὣς	SCONJ	G-		ὡς	mark	5
127	1	ἁμὲς	ADJ	A-	Case=Nom|Degree=Pos|Gender=Fem|Number=Plur	ἡμεῖς	advmod	5
127	2	τὸν	DET	S-	Case=Acc|Definite=Def|Gender=Masc|Number=Sing|PronType=Dem	ὁ	det	3
127	3	χρυσὸν	NOUN	Nb	Case=Acc|Gender=Masc|Number=Sing	χρυσός	obj	5
127	4	ἀφειδέα	ADJ	A-	Case=Acc|Degree=Pos|Gender=Masc|Number=Sing	ἀφειδής	amod	3
127	5	πασαίμεσθα	VERB	V-	Aspect=Perf|Mood=Sub|Number=Plur|Person=1|Tense=Past|VerbForm=Fin|Voice=Mid	πασαίμεσθα	ROOT	5
127	6	.	PUNCT	Z		.	punct	5
128	0	μέσφα	ADJ	Df	Case=Acc|Degree=Pos|Gender=Neut|Number=Plur	μέσφα	amod	4
128	1	τὰ	DET	S-	Case=Acc|Definite=Def|Gender=Neut|Number=Plur|PronType=Dem	ὁ	det	4
128	2	τᾶς	DET	S-	Case=Acc|Definite=Def|Gender=Fem|Number=Plur|PronType=Dem	ὁ	det	3
128	3	πόλιος	NOUN	Nb	Case=Gen|Gender=Fem|Number=Sing	πόλις	nmod	4
128	4	πρυτανήια	NOUN	Nb	Case=Acc|Gender=Neut|Number=Plur	πρυτανεῖον	ROOT	4
128	5	τὰς	DET	S-	Case=Acc|Definite=Def|Gender=Fem|Number=Plur|PronType=Dem	ὁ	det	6
128	6	ἀτελέστως	ADV	A-	Degree=Pos	ἀτελέστως	appos	4
128	7	,	PUNCT	Z		,	appos	4
129	0	τὰς	DET	S-	Case=Acc|Definite=Def|Gender=Fem|Number=Plur|PronType=Dem	ὁ	det	3
129	1	δὲ	ADV	Df		δέ	discourse	3
129	2	τελεσφορέας	ADJ	A-	Case=Acc|Degree=Pos|Gender=Fem|Number=Plur	τελεσφορύς	amod	3
129	3	τελεσφορίας	NOUN	Nb	Case=Acc|Gender=Fem|Number=Plur	τελεσφορία	dep	4
129	4	MSS.	PUNCT	V-		MSS.	ROOT	4
129	5	;	PUNCT	Z		;	ROOT	5
129	6	corr.	PUNCT	Z		corr.	punct	5
129	7	T.	PUNCT	Z		T.	ROOT	7
129	8	Bentley.	PUNCT	Z		Bentley.	advmod	13
129	9	ποτὶ	ADP	R-		πρός	case	11
129	10	τὰν	DET	S-	Case=Acc|Definite=Def|Gender=Fem|Number=Sing|PronType=Dem	ὅς	det	11
129	11	θεὸν	NOUN	Nb	Case=Acc|Gender=Masc|Number=Sing	θεός	obl	13
129	12	ἄχρις	SCONJ	G-		ἄχρι	mark	13
129	13	ὁμαρτεῖν	VERB	V-	Tense=Pres|VerbForm=Inf|Voice=Act	ὁμαρτέω	advcl	7
129	14	,	PUNCT	Z		,	punct	7
130	0	αἵτινες	PRON	Pr	Case=Nom|Gender=Fem|Number=Plur|PronType=Rel	ὅστις	nsubj	1
130	1	ἑξήκοντα	NUM	Ma		ἑξήκοντα	nsubj	2
130	2	κατώτεραι	ADJ	A-	Case=Nom|Degree=Pos|Gender=Fem|Number=Plur	κατώτερα	ROOT	2
130	3	·	PUNCT	Z		·	punct	2
130	4	αἱ	DET	S-	Case=Nom|Definite=Def|Gender=Fem|Number=Plur|PronType=Dem	ὁ	ROOT	4
130	5	δὲ	ADV	Df		δέ	discourse	4
130	6	αἵ	DET	S-	Case=Nom|Definite=Def|Gender=Fem|Number=Plur|PronType=Dem	ὁ	det	7
130	7	τε	CCONJ	C-		τε	nsubj	4
130	8	MSS.	PUNCT	Z		MSS.	punct	4
130	9	;	PUNCT	Z	PronType=Int	;	ROOT	9
130	10	corr.	PUNCT	Z		corr.	punct	9
130	11	Ernesti.	PUNCT	Z		Ernesti.	ROOT	11
130	12	βαρεῖαι	ADJ	A-	Case=Nom|Degree=Pos|Gender=Fem|Number=Plur	βαρύς	ROOT	12
131	0	χἄτις	NOUN	Nb	Case=Nom|Gender=Fem|Number=Sing	χἄτις	nsubj	2
131	1	Ἐλειθυίᾳ	NOUN	Nb	Case=Nom|Gender=Fem|Number=Sing	Εἰλείθυια	nmod	0
131	2	τείνει	VERB	V-	Mood=Ind|Number=Sing|Person=3|Tense=Pres|VerbForm=Fin|Voice=Act	τείνω	ROOT	2
131	3	χέρα	NOUN	Nb	Case=Acc|Gender=Fem|Number=Sing	χείρ	obj	2
131	4	χἄτις	NOUN	Nb	Case=Nom|Gender=Fem|Number=Sing	χἄτις	cc	2
131	5	ἐν	ADP	R-		ἐν	case	6
131	6	ἄλγει	NOUN	Nb	Case=Dat|Gender=Fem|Number=Sing	ἄλγος	orphan	4
131	7	.	PUNCT	Z		.	punct	2
132	0	ὣς	ADV	Df		ὡς	mark	1
132	1	ἅλις	ADJ	A-	Case=Nom|Degree=Pos|Gender=Neut|Number=Sing	ἅλις	ROOT	1
132	2	,	PUNCT	Z		,	ROOT	2
132	3	ὡς	ADV	Df		ὡς	ROOT	3
132	4	αὐτᾶν	PRON	Pp	Case=Acc|Gender=Fem|Number=Sing|Person=3|PronType=Prs	αὐτάω	nsubj	3
132	5	ἱκανὸν	ADJ	A-	Case=Acc|Degree=Pos|Gender=Neut|Number=Sing	ἱκανός	amod	6
132	6	γόνυ	NOUN	Nb	Case=Nom|Gender=Neut|Number=Sing	γόνυ	nsubj	3
132	7	·	PUNCT	Z		·	ROOT	7
132	8	ταῖσι	ADJ	Px	Case=Dat|Gender=Fem|Number=Plur	ὅς	iobj	10
132	9	δὲ	ADV	Df		δέ	discourse	10
132	10	Δηὼ	VERB	V-	Tense=Pres|VerbForm=Inf|Voice=Pass	Δηώ	ROOT	10
133	0	δωσεῖ	VERB	V-	Mood=Ind|Number=Sing|Person=3|Tense=Fut|VerbForm=Fin|Voice=Act	δωσέω	ROOT	0
133	1	πάντʼ	DET	Px	Case=Acc|Gender=Neut|Number=Plur	πᾶς	det	2
133	2	ἐπίμεστα	ADJ	A-	Case=Acc|Degree=Pos|Gender=Neut|Number=Plur	ἐπίμεστος	obj	0
133	3	καὶ	CCONJ	C-		καί	cc	0
133	4	ὡς	SCONJ	G-		ὡς	mark	7
133	5	ποτὶ	ADP	R-		πρός	case	6
133	6	ναὸν	NOUN	Nb	Case=Acc|Gender=Masc|Number=Sing	ναός	obl	7
133	7	ἵκωνται	VERB	V-	Aspect=Perf|Mood=Sub|Number=Plur|Person=3|Tense=Past|VerbForm=Fin|Voice=Mid	ἱκνέομαι	ccomp	0
133	8	.	PUNCT	Z		.	punct	0
134	0	χαῖρε	VERB	V-	Mood=Imp|Number=Sing|Person=2|Tense=Pres|VerbForm=Fin|Voice=Act	χαίρω	ROOT	0
134	1	θεὰ	PROPN	Ne	Case=Voc|Gender=Fem|Number=Sing	θεά	vocative	0
134	2	καὶ	CCONJ	C-		καί	cc	0
134	3	τάνδε	DET	Pd	Case=Acc|Gender=Fem|Number=Sing	ὅδε	det	4
134	4	σάω	VERB	Ps	Mood=Ind|Number=Sing|Person=1|Tense=Fut|VerbForm=Fin|Voice=Act	σώζω	orphan	5
134	5	πόλιν	NOUN	Nb	Case=Acc|Gender=Fem|Number=Sing	πόλις	conj	0
134	6	ἔν	ADP	R-		ἐν	dep	5
134	7	θʼ	CCONJ	C-		τε	cc	5
134	8	ὁμονοίᾳ	NOUN	Nb	Case=Dat|Gender=Fem|Number=Sing	ὁμόνοια	conj	5
135	0	ἔν	ADP	R-		ἐν	dep	1
135	1	τʼ	CCONJ	C-		τε	cc	2
135	2	εὐηπελίᾳ	ADJ	A-	Case=Acc|Degree=Pos|Gender=Neut|Number=Plur	εὐηπελία	ROOT	2
135	3	,	PUNCT	Z		,	ROOT	3
135	4	φέρε	VERB	V-	Mood=Imp|Number=Sing|Person=2|Tense=Pres|VerbForm=Fin|Voice=Act	φέρω	ROOT	4
135	5	δʼ	ADV	Df		δέ	discourse	4
135	6	ἀγρόθι	VERB	V-	Mood=Imp|Number=Sing|Person=2|Tense=Pres|VerbForm=Fin|Voice=Act	ἀγρόθι	vocative	4
135	7	νόστιμα	ADJ	A-	Case=Acc|Degree=Pos|Gender=Neut|Number=Plur	νόστιμος	obj	6
135	8	πάντα	DET	Px	Case=Acc|Gender=Neut|Number=Plur	πᾶς	det	7
135	9	·	PUNCT	Z		·	punct	4
136	0	φέρβε	NOUN	Nb	Case=Voc|Gender=Masc|Number=Sing	φέρβες	vocative	2
136	1	βόας	NOUN	Nb	Case=Voc|Gender=Masc|Number=Sing	βοῦς	nmod	0
136	2	,	PUNCT	Z		,	ROOT	2
136	3	φέρε	VERB	V-	Mood=Imp|Number=Sing|Person=2|Tense=Pres|VerbForm=Fin|Voice=Act	φέρω	ROOT	3
136	4	μᾶλα	ADV	Df	Degree=Pos	μῆλον	advmod	3
136	5	,	PUNCT	Z		,	punct	3
136	6	φέρε	VERB	V-	Mood=Imp|Number=Sing|Person=2|Tense=Pres|VerbForm=Fin|Voice=Act	φέρω	ROOT	6
136	7	στάχυν	NOUN	Nb	Case=Acc|Gender=Masc|Number=Sing	στάχυς	obj	6
136	8	,	PUNCT	Z		,	punct	6
136	9	οἶσε	VERB	V-	Aspect=Perf|Mood=Imp|Number=Sing|Person=2|Tense=Past|VerbForm=Fin|Voice=Act	φέρω	ROOT	9
136	10	θερισμόν	NOUN	Nb	Case=Acc|Gender=Masc|Number=Sing	θερισμός	obj	9
136	11	,	PUNCT	Z		,	punct	9
137	0	φέρβε	NOUN	Nb		φέρβες	ROOT	0
137	1	καὶ	CCONJ	C-		καί	cc	0
137	2	εἰράναν	NOUN	Nb	Case=Acc|Gender=Neut|Number=Plur	εἰρήνη	conj	0
137	3	,	PUNCT	Z		,	punct	0
137	4	ἵνʼ	SCONJ	G-		ἵνα	mark	8
137	5	ὃς	PRON	Pr	Case=Nom|Gender=Masc|Number=Sing|PronType=Rel	ὅς	nsubj	6
137	6	ἄροσε	VERB	V-	Aspect=Perf|Mood=Ind|Number=Sing|Person=3|Tense=Past|VerbForm=Fin|Voice=Act	ἄρος	nsubj	8
137	7	τῆνος	DET	Ne	Case=Acc|Definite=Def|Gender=Fem|Number=Sing|PronType=Dem	τῆνος	obj	6
137	8	ἀμάσῃ	VERB	V-	Mood=Sub|Number=Sing|Person=3|Tense=Pres|VerbForm=Fin|Voice=Act	ἀμάζω	ROOT	8
137	9	.	PUNCT	Z		.	punct	8
137	10	ἀμάσῃ	PROPN	Ne	Case=Nom|Gender=Masc|Number=Sing	ἀμάζω	ROOT	10
137	11	Stephanus	ADV	V-	PronType=Int	Stephanus	nsubj	10
137	12	;	PUNCT	Z		;	cc	10
137	13	ἀμάσ(σ)ει	SCONJ	Pp		ἀμάσ(σ)ει	conj	10
137	14	MSS.	PUNCT	Z		MSS.	punct	10
137	15	,	PUNCT	Z		,	ROOT	15
137	16	which	ADV	Nb		whichς	advmod	15
137	17	may	ADV	V-		may	parataxis	15
137	18	be	ADV	V-		be	parataxis	15
137	19	right	ADV	V-		right	conj	15
137	20	,	PUNCT	Z		,	punct	15
137	21	cf.	PUNCT	Z		cf.	ROOT	21
137	22	fr.	PUNCT	Z		fr.	ROOT	22
137	23	Incert.	PUNCT	Z		Incert.	ROOT	23
137	24	16.	PUNCT	Z		16.	ROOT	24
138	0	ἵλαθί	VERB	I-	Aspect=Perf|Mood=Imp|Number=Sing|Person=2|Tense=Past|VerbForm=Fin|Voice=Act	ἵλαθι	vocative	4
138	1	μοι	PRON	Pp	Case=Dat|Gender=Fem|Number=Sing|Person=1|PronType=Prs	ἐγώ	iobj	0
138	2	τρίλλιστε	ADJ	V-	Case=Voc|Degree=Pos|Gender=Fem|Number=Sing	τρίλλιστος	vocative	0
138	3	μέγα	ADJ	A-	Case=Acc|Degree=Pos|Gender=Neut|Number=Sing	μέγας	advmod	4
138	4	κρείοισα	VERB	V-	Aspect=Perf|Case=Nom|Gender=Fem|Number=Sing|Tense=Past|VerbForm=Part|Voice=Act	κρείω	ROOT	4
138	5	θεάων	PROPN	Ne	Case=Gen|Gender=Fem|Number=Plur	θεά	iobj	4
138	6	.	PUNCT	Z		.	punct	4
